input,output
Explain how photosynthesis works and its role in global carbon cycles.,"{'intent': ['CONCEPT_EXPLANATION', 'REAL_WORLD_APPLICATION'], 'subject': ['BIOLOGY', 'GEOGRAPHY'], 'topic': ['PLANT_PHYSIOLOGY', 'ENVIRONMENTAL_STUDIES'], 'difficulty': ['MEDIUM'], 'gradeLevel': ['GRADE_10']}"
Solve for x in the equation sin(x) = 0.5 and explain the concept of trigonometric functions.,"{'intent': ['PROBLEM_SOLVING', 'CONCEPT_EXPLANATION'], 'subject': ['MATH'], 'topic': ['TRIGONOMETRY', 'ALGEBRA'], 'difficulty': ['HARD'], 'gradeLevel': ['GRADE_11']}"
"What are the causes of the French Revolution, and how did they impact modern governance?","{'intent': ['THEORY_REVIEW', 'REAL_WORLD_APPLICATION'], 'subject': ['HISTORY'], 'topic': ['FREEDOM_MOVEMENTS', 'MODERN_HISTORY'], 'difficulty': ['MEDIUM'], 'gradeLevel': ['GRADE_10']}"
Which of the following are properties of acids and bases? A) Acids turn litmus red B) Bases taste sour C) Acids have pH > 7 D) Bases feel slippery,"{'intent': ['MCQ_PRACTICE', 'CONCEPT_EXPLANATION'], 'subject': ['CHEMISTRY'], 'topic': ['ACIDS_BASES_SALTS', 'CHEMICAL_REACTIONS'], 'difficulty': ['EASY'], 'gradeLevel': ['GRADE_8']}"
Write a program to sort a list and explain how sorting algorithms are used in real-world applications.,"{'intent': ['PROBLEM_SOLVING', 'REAL_WORLD_APPLICATION'], 'subject': ['COMPUTER_SCIENCE'], 'topic': ['ALGORITHMS', 'PROGRAMMING_BASICS'], 'difficulty': ['HARD'], 'gradeLevel': ['GRADE_12']}"
How does Newton’s second law apply to designing safe car braking systems?,"{'intent': ['CONCEPT_EXPLANATION', 'REAL_WORLD_APPLICATION'], 'subject': ['PHYSICS'], 'topic': ['LAWS_OF_MOTION', 'WORK_AND_ENERGY'], 'difficulty': ['MEDIUM'], 'gradeLevel': ['GRADE_11']}"
Prepare a summary of plate tectonics and its effect on earthquake-prone regions.,"{'intent': ['THEORY_REVIEW', 'REAL_WORLD_APPLICATION'], 'subject': ['GEOGRAPHY', 'PHYSICS'], 'topic': ['PHYSICAL_FEATURES', 'NOT_FOUND'], 'difficulty': ['HARD'], 'gradeLevel': ['GRADE_10']}"
"What is the difference between reflection and refraction, and how are they tested in a lab?","{'intent': ['CONCEPT_EXPLANATION', 'EXAM_PREPARATION'], 'subject': ['PHYSICS'], 'topic': ['OPTICS'], 'difficulty': ['MEDIUM'], 'gradeLevel': ['GRADE_9']}"
Analyze the theme of ambition in Macbeth and solve a related comprehension question.,"{'intent': ['CONCEPT_EXPLANATION', 'COMPREHENSION'], 'subject': ['ENGLISH'], 'topic': ['LITERATURE', 'COMPREHENSION'], 'difficulty': ['HARD'], 'gradeLevel': ['GRADE_12']}"
"What are the statistical measures of central tendency, and how are they used in data analysis?","{'intent': ['CONCEPT_EXPLANATION', 'REAL_WORLD_APPLICATION'], 'subject': ['MATH'], 'topic': ['STATISTICS'], 'difficulty': ['MEDIUM'], 'gradeLevel': ['GRADE_11']}"
What is the function of the mitochondria in a cell?,"{'intent': ['CONCEPT_EXPLANATION'], 'subject': ['BIOLOGY'], 'topic': ['CELL_STRUCTURE'], 'difficulty': ['EASY'], 'gradeLevel': ['GRADE_7']}"
Solve the quadratic equation x² - 5x + 6 = 0.,"{'intent': ['PROBLEM_SOLVING'], 'subject': ['MATH'], 'topic': ['ALGEBRA'], 'difficulty': ['MEDIUM'], 'gradeLevel': ['GRADE_9']}"
Which of the following elements is a noble gas? A) Oxygen B) Neon C) Nitrogen D) Hydrogen,"{'intent': ['MCQ_PRACTICE'], 'subject': ['CHEMISTRY'], 'topic': ['PERIODIC_TABLE'], 'difficulty': ['EASY'], 'gradeLevel': ['GRADE_8']}"
Describe the major causes of World War I.,"{'intent': ['THEORY_REVIEW'], 'subject': ['HISTORY'], 'topic': ['WORLD_WARS'], 'difficulty': ['MEDIUM'], 'gradeLevel': ['GRADE_10']}"
How does a transformer work in electrical power distribution?,"{'intent': ['REAL_WORLD_APPLICATION'], 'subject': ['PHYSICS'], 'topic': ['ELECTRICITY'], 'difficulty': ['HARD'], 'gradeLevel': ['GRADE_11']}"
What is the time complexity of a binary search algorithm?,"{'intent': ['EXAM_PREPARATION'], 'subject': ['COMPUTER_SCIENCE'], 'topic': ['ALGORITHMS'], 'difficulty': ['MEDIUM'], 'gradeLevel': ['GRADE_12']}"
What is the meaning of life?,"{'intent': ['NOT_FOUND'], 'subject': ['NOT_FOUND'], 'topic': ['NOT_FOUND'], 'difficulty': ['NOT_FOUND'], 'gradeLevel': ['NOT_FOUND']}"
How does climate change affect biodiversity?,"{'intent': ['CONCEPT_EXPLANATION', 'REAL_WORLD_APPLICATION'], 'subject': ['GEOGRAPHY', 'BIOLOGY'], 'topic': ['ENVIRONMENTAL_STUDIES', 'NOT_FOUND'], 'difficulty': ['MEDIUM'], 'gradeLevel': ['GRADE_10']}"
What is 2 + 2?,"{'intent': ['PROBLEM_SOLVING'], 'subject': ['MATH'], 'topic': ['NUMBER_SYSTEMS'], 'difficulty': ['EASY'], 'gradeLevel': ['GRADE_6']}"
Calculate the derivative of f(x) = x³ sin(x) using the product rule.,"{'intent': ['PROBLEM_SOLVING'], 'subject': ['MATH'], 'topic': ['CALCULUS'], 'difficulty': ['HARD'], 'gradeLevel': ['GRADE_12']}"
"Explain the greenhouse effect, its impact on climate, and solve a related problem on CO2 emissions.","{'intent': ['CONCEPT_EXPLANATION', 'REAL_WORLD_APPLICATION', 'PROBLEM_SOLVING'], 'subject': ['GEOGRAPHY', 'CHEMISTRY', 'PHYSICS'], 'topic': ['ENVIRONMENTAL_STUDIES', 'CHEMICAL_REACTIONS', 'THERMODYNAMICS'], 'difficulty': ['HARD'], 'gradeLevel': ['GRADE_11']}"
"What are the key principles of object-oriented programming, and how are they applied in a real-world project?","{'intent': ['CONCEPT_EXPLANATION', 'REAL_WORLD_APPLICATION', 'EXAM_PREPARATION'], 'subject': ['COMPUTER_SCIENCE'], 'topic': ['PROGRAMMING_BASICS', 'ALGORITHMS'], 'difficulty': ['MEDIUM'], 'gradeLevel': ['GRADE_12']}"
"Solve for the roots of x^2 + 2x + 1 = 0, and explain how quadratic equations relate to projectile motion.","{'intent': ['PROBLEM_SOLVING', 'CONCEPT_EXPLANATION', 'REAL_WORLD_APPLICATION'], 'subject': ['MATH', 'PHYSICS'], 'topic': ['ALGEBRA', 'LAWS_OF_MOTION'], 'difficulty': ['MEDIUM'], 'gradeLevel': ['GRADE_10']}"
Which of the following are characteristics of metals? A) High electrical conductivity B) Brittle C) Low melting point D) Shiny luster,"{'intent': ['MCQ_PRACTICE', 'CONCEPT_EXPLANATION', 'EXAM_PREPARATION'], 'subject': ['CHEMISTRY'], 'topic': ['METALS_NONMETALS', 'PERIODIC_TABLE'], 'difficulty': ['EASY'], 'gradeLevel': ['GRADE_8']}"
"Describe the structure of DNA and its role in heredity, with a focus on real-world genetic applications.","{'intent': ['CONCEPT_EXPLANATION', 'REAL_WORLD_APPLICATION', 'THEORY_REVIEW'], 'subject': ['BIOLOGY'], 'topic': ['HEREDITY_AND_EVOLUTION', 'CELL_STRUCTURE'], 'difficulty': ['HARD'], 'gradeLevel': ['GRADE_11']}"
How did the Industrial Revolution influence urbanization and environmental changes?,"{'intent': ['THEORY_REVIEW', 'REAL_WORLD_APPLICATION', 'CONCEPT_EXPLANATION'], 'subject': ['HISTORY', 'GEOGRAPHY'], 'topic': ['MODERN_HISTORY', 'ENVIRONMENTAL_STUDIES'], 'difficulty': ['MEDIUM'], 'gradeLevel': ['GRADE_10']}"
"Calculate the work done by a force of 10N over a distance of 5m, and explain its significance in energy conservation.","{'intent': ['PROBLEM_SOLVING', 'CONCEPT_EXPLANATION', 'REAL_WORLD_APPLICATION'], 'subject': ['PHYSICS'], 'topic': ['WORK_AND_ENERGY', 'LAWS_OF_MOTION'], 'difficulty': ['MEDIUM'], 'gradeLevel': ['GRADE_9']}"
"What is the difference between mitosis and meiosis, and how do they relate to evolution?","{'intent': ['CONCEPT_EXPLANATION', 'THEORY_REVIEW', 'REAL_WORLD_APPLICATION'], 'subject': ['BIOLOGY'], 'topic': ['CELL_STRUCTURE', 'HEREDITY_AND_EVOLUTION'], 'difficulty': ['HARD'], 'gradeLevel': ['GRADE_11']}"
Analyze the symbolism in 'The Great Gatsby' and answer a comprehension question about its themes.,"{'intent': ['CONCEPT_EXPLANATION', 'COMPREHENSION', 'THEORY_REVIEW'], 'subject': ['ENGLISH'], 'topic': ['LITERATURE', 'COMPREHENSION'], 'difficulty': ['HARD'], 'gradeLevel': ['GRADE_12']}"
How do river systems shape physical landscapes and support human economies?,"{'intent': ['CONCEPT_EXPLANATION', 'REAL_WORLD_APPLICATION', 'THEORY_REVIEW'], 'subject': ['GEOGRAPHY'], 'topic': ['PHYSICAL_FEATURES', 'RESOURCES'], 'difficulty': ['MEDIUM'], 'gradeLevel': ['GRADE_9']}"
"Write a Python script to check if a number is prime, and explain its use in cryptography.","{'intent': ['PROBLEM_SOLVING', 'REAL_WORLD_APPLICATION', 'CONCEPT_EXPLANATION'], 'subject': ['COMPUTER_SCIENCE', 'MATH'], 'topic': ['PROGRAMMING_BASICS', 'NUMBER_SYSTEMS', 'CYBER_SECURITY'], 'difficulty': ['HARD'], 'gradeLevel': ['GRADE_12']}"
"What are the properties of electromagnetic waves, and how are they used in communication systems?","{'intent': ['CONCEPT_EXPLANATION', 'REAL_WORLD_APPLICATION', 'EXAM_PREPARATION'], 'subject': ['PHYSICS'], 'topic': ['OPTICS', 'ELECTRICITY'], 'difficulty': ['HARD'], 'gradeLevel': ['GRADE_11']}"
"Solve for the pH of a 0.1M HCl solution, and explain its significance in industrial processes.","{'intent': ['PROBLEM_SOLVING', 'REAL_WORLD_APPLICATION', 'CONCEPT_EXPLANATION'], 'subject': ['CHEMISTRY'], 'topic': ['ACIDS_BASES_SALTS', 'CHEMICAL_REACTIONS'], 'difficulty': ['MEDIUM'], 'gradeLevel': ['GRADE_10']}"
How did ancient Egyptian and Mesopotamian civilizations contribute to modern mathematics?,"{'intent': ['THEORY_REVIEW', 'CONCEPT_EXPLANATION', 'REAL_WORLD_APPLICATION'], 'subject': ['HISTORY', 'MATH'], 'topic': ['ANCIENT_CIVILIZATIONS', 'NUMBER_SYSTEMS'], 'difficulty': ['MEDIUM'], 'gradeLevel': ['GRADE_9']}"
"What is the role of enzymes in chemical reactions, and how are they tested in a lab?","{'intent': ['CONCEPT_EXPLANATION', 'EXAM_PREPARATION', 'REAL_WORLD_APPLICATION'], 'subject': ['BIOLOGY', 'CHEMISTRY'], 'topic': ['CELL_STRUCTURE', 'CHEMICAL_REACTIONS'], 'difficulty': ['HARD'], 'gradeLevel': ['GRADE_11']}"
"Find the area of a circle with radius 5cm, and explain its application in designing circular structures.","{'intent': ['PROBLEM_SOLVING', 'REAL_WORLD_APPLICATION', 'CONCEPT_EXPLANATION'], 'subject': ['MATH'], 'topic': ['GEOMETRY'], 'difficulty': ['EASY'], 'gradeLevel': ['GRADE_8']}"
"How does the water cycle interact with climate patterns, and what are its economic impacts?","{'intent': ['CONCEPT_EXPLANATION', 'REAL_WORLD_APPLICATION', 'THEORY_REVIEW'], 'subject': ['GEOGRAPHY'], 'topic': ['WEATHER_AND_CLIMATE', 'RESOURCES'], 'difficulty': ['MEDIUM'], 'gradeLevel': ['GRADE_10']}"
"What are the grammatical rules for using commas, and analyze their use in a given paragraph?","{'intent': ['CONCEPT_EXPLANATION', 'COMPREHENSION', 'EXAM_PREPARATION'], 'subject': ['ENGLISH'], 'topic': ['GRAMMAR', 'COMPREHENSION'], 'difficulty': ['MEDIUM'], 'gradeLevel': ['GRADE_9']}"
"Explain the law of universal gravitation, and solve a problem involving planetary orbits.","{'intent': ['CONCEPT_EXPLANATION', 'PROBLEM_SOLVING', 'REAL_WORLD_APPLICATION'], 'subject': ['PHYSICS'], 'topic': ['GRAVITATION', 'LAWS_OF_MOTION'], 'difficulty': ['HARD'], 'gradeLevel': ['GRADE_11']}"
"What are the ecological roles of microorganisms, and how are they studied in lab experiments?","{'intent': ['CONCEPT_EXPLANATION', 'REAL_WORLD_APPLICATION', 'EXAM_PREPARATION'], 'subject': ['BIOLOGY'], 'topic': ['MICROORGANISMS', 'CELL_STRUCTURE'], 'difficulty': ['MEDIUM'], 'gradeLevel': ['GRADE_10']}"
Explain the Doppler effect and its applications in astronomy and medical imaging.,"{'intent': ['CONCEPT_EXPLANATION', 'REAL_WORLD_APPLICATION', 'THEORY_REVIEW'], 'subject': ['PHYSICS', 'BIOLOGY'], 'topic': ['OPTICS', 'HUMAN_BODY'], 'difficulty': ['HARD'], 'gradeLevel': ['GRADE_12']}"
"Solve the system of equations: 2x + y = 5, x - y = 1, and discuss their geometric interpretation.","{'intent': ['PROBLEM_SOLVING', 'CONCEPT_EXPLANATION', 'REAL_WORLD_APPLICATION'], 'subject': ['MATH'], 'topic': ['ALGEBRA', 'GEOMETRY'], 'difficulty': ['MEDIUM'], 'gradeLevel': ['GRADE_9']}"
Which of the following are properties of covalent bonds? A) High melting point B) Soluble in water C) Formed by sharing electrons D) Conduct electricity,"{'intent': ['MCQ_PRACTICE', 'CONCEPT_EXPLANATION', 'EXAM_PREPARATION'], 'subject': ['CHEMISTRY'], 'topic': ['ATOMIC_STRUCTURE', 'CHEMICAL_REACTIONS'], 'difficulty': ['EASY'], 'gradeLevel': ['GRADE_8']}"
How did the Renaissance influence art and scientific advancements in Europe?,"{'intent': ['THEORY_REVIEW', 'REAL_WORLD_APPLICATION', 'CONCEPT_EXPLANATION'], 'subject': ['HISTORY', 'COMPUTER_SCIENCE'], 'topic': ['MODERN_HISTORY', 'NOT_FOUND'], 'difficulty': ['MEDIUM'], 'gradeLevel': ['GRADE_10']}"
Write a program to calculate Fibonacci numbers and explain its relevance to natural patterns.,"{'intent': ['PROBLEM_SOLVING', 'REAL_WORLD_APPLICATION', 'CONCEPT_EXPLANATION'], 'subject': ['COMPUTER_SCIENCE', 'MATH', 'BIOLOGY'], 'topic': ['PROGRAMMING_BASICS', 'NUMBER_SYSTEMS', 'NOT_FOUND'], 'difficulty': ['HARD'], 'gradeLevel': ['GRADE_12']}"
"How does thermal energy transfer occur, and what are its implications for climate systems?","{'intent': ['CONCEPT_EXPLANATION', 'REAL_WORLD_APPLICATION', 'THEORY_REVIEW'], 'subject': ['PHYSICS', 'GEOGRAPHY'], 'topic': ['THERMODYNAMICS', 'WEATHER_AND_CLIMATE'], 'difficulty': ['HARD'], 'gradeLevel': ['GRADE_11']}"
"What is the role of the circulatory system, and how does it interact with other body systems?","{'intent': ['CONCEPT_EXPLANATION', 'THEORY_REVIEW', 'REAL_WORLD_APPLICATION'], 'subject': ['BIOLOGY'], 'topic': ['HUMAN_BODY', 'CELL_STRUCTURE'], 'difficulty': ['MEDIUM'], 'gradeLevel': ['GRADE_9']}"
"Calculate the probability of rolling a sum of 7 with two dice, and explain its use in statistics.","{'intent': ['PROBLEM_SOLVING', 'CONCEPT_EXPLANATION', 'REAL_WORLD_APPLICATION'], 'subject': ['MATH'], 'topic': ['STATISTICS', 'NUMBER_SYSTEMS'], 'difficulty': ['MEDIUM'], 'gradeLevel': ['GRADE_10']}"
Analyze the use of metaphors in 'Romeo and Juliet' and answer a related comprehension question.,"{'intent': ['CONCEPT_EXPLANATION', 'COMPREHENSION', 'THEORY_REVIEW'], 'subject': ['ENGLISH'], 'topic': ['LITERATURE', 'COMPREHENSION'], 'difficulty': ['HARD'], 'gradeLevel': ['GRADE_11']}"
How do volcanic eruptions affect global climate and human settlements?,"{'intent': ['CONCEPT_EXPLANATION', 'REAL_WORLD_APPLICATION', 'THEORY_REVIEW'], 'subject': ['GEOGRAPHY', 'HISTORY'], 'topic': ['PHYSICAL_FEATURES', 'ENVIRONMENTAL_STUDIES'], 'difficulty': ['HARD'], 'gradeLevel': ['GRADE_10']}"
"What is the significance of the periodic table, and how is it used in chemical reactions?","{'intent': ['CONCEPT_EXPLANATION', 'REAL_WORLD_APPLICATION', 'EXAM_PREPARATION'], 'subject': ['CHEMISTRY'], 'topic': ['PERIODIC_TABLE', 'CHEMICAL_REACTIONS'], 'difficulty': ['MEDIUM'], 'gradeLevel': ['GRADE_9']}"
"Solve for the derivative of f(x) = e^x * cos(x), and discuss its applications in physics.","{'intent': ['PROBLEM_SOLVING', 'CONCEPT_EXPLANATION', 'REAL_WORLD_APPLICATION'], 'subject': ['MATH', 'PHYSICS'], 'topic': ['CALCULUS', 'NOT_FOUND'], 'difficulty': ['HARD'], 'gradeLevel': ['GRADE_12']}"
How did the Cold War shape global politics and technological advancements?,"{'intent': ['THEORY_REVIEW', 'REAL_WORLD_APPLICATION', 'CONCEPT_EXPLANATION'], 'subject': ['HISTORY', 'COMPUTER_SCIENCE'], 'topic': ['WORLD_WARS', 'NOT_FOUND'], 'difficulty': ['HARD'], 'gradeLevel': ['GRADE_11']}"
"What are the ecological impacts of deforestation, and how can they be studied in a lab?","{'intent': ['CONCEPT_EXPLANATION', 'REAL_WORLD_APPLICATION', 'EXAM_PREPARATION'], 'subject': ['GEOGRAPHY', 'BIOLOGY'], 'topic': ['ENVIRONMENTAL_STUDIES', 'NOT_FOUND'], 'difficulty': ['MEDIUM'], 'gradeLevel': ['GRADE_10']}"
"Write a program to implement a stack, and explain its use in algorithm design.","{'intent': ['PROBLEM_SOLVING', 'CONCEPT_EXPLANATION', 'REAL_WORLD_APPLICATION'], 'subject': ['COMPUTER_SCIENCE'], 'topic': ['DATA_STRUCTURES', 'ALGORITHMS'], 'difficulty': ['HARD'], 'gradeLevel': ['GRADE_12']}"
"What are the principles of conservation of momentum, and how are they applied in vehicle safety?","{'intent': ['CONCEPT_EXPLANATION', 'REAL_WORLD_APPLICATION', 'THEORY_REVIEW'], 'subject': ['PHYSICS'], 'topic': ['LAWS_OF_MOTION', 'WORK_AND_ENERGY'], 'difficulty': ['MEDIUM'], 'gradeLevel': ['GRADE_10']}"
Which of the following are parts of a plant cell? A) Cell wall B) Nucleus C) Mitochondria D) Lysosome,"{'intent': ['MCQ_PRACTICE', 'CONCEPT_EXPLANATION', 'EXAM_PREPARATION'], 'subject': ['BIOLOGY'], 'topic': ['CELL_STRUCTURE', 'PLANT_PHYSIOLOGY'], 'difficulty': ['EASY'], 'gradeLevel': ['GRADE_7']}"
"How do you use prepositions correctly, and analyze their use in a short story?","{'intent': ['CONCEPT_EXPLANATION', 'COMPREHENSION', 'EXAM_PREPARATION'], 'subject': ['ENGLISH'], 'topic': ['GRAMMAR', 'LITERATURE'], 'difficulty': ['MEDIUM'], 'gradeLevel': ['GRADE_9']}"
"Calculate the volume of a cone with radius 3cm and height 4cm, and explain its use in architecture.","{'intent': ['PROBLEM_SOLVING', 'REAL_WORLD_APPLICATION', 'CONCEPT_EXPLANATION'], 'subject': ['MATH'], 'topic': ['GEOMETRY'], 'difficulty': ['EASY'], 'gradeLevel': ['GRADE_8']}"
"What are the causes and effects of acid rain, and how can they be mitigated?","{'intent': ['CONCEPT_EXPLANATION', 'REAL_WORLD_APPLICATION', 'THEORY_REVIEW'], 'subject': ['CHEMISTRY', 'GEOGRAPHY'], 'topic': ['ACIDS_BASES_SALTS', 'ENVIRONMENTAL_STUDIES'], 'difficulty': ['HARD'], 'gradeLevel': ['GRADE_11']}"
Explain the concept of natural selection and its role in biodiversity conservation.,"{'intent': ['CONCEPT_EXPLANATION', 'REAL_WORLD_APPLICATION', 'THEORY_REVIEW'], 'subject': ['BIOLOGY', 'GEOGRAPHY'], 'topic': ['HEREDITY_AND_EVOLUTION', 'ENVIRONMENTAL_STUDIES'], 'difficulty': ['HARD'], 'gradeLevel': ['GRADE_11']}"
"Solve the equation tan(x) = 1 for x in [0, 2π], and discuss its applications in navigation.","{'intent': ['PROBLEM_SOLVING', 'CONCEPT_EXPLANATION', 'REAL_WORLD_APPLICATION'], 'subject': ['MATH'], 'topic': ['TRIGONOMETRY', 'ALGEBRA'], 'difficulty': ['HARD'], 'gradeLevel': ['GRADE_12']}"
Which of the following are characteristics of ionic compounds? A) High melting point B) Conduct electricity in solution C) Form crystals D) Low solubility in water,"{'intent': ['MCQ_PRACTICE', 'CONCEPT_EXPLANATION', 'EXAM_PREPARATION'], 'subject': ['CHEMISTRY'], 'topic': ['CHEMICAL_REACTIONS', 'METALS_NONMETALS'], 'difficulty': ['EASY'], 'gradeLevel': ['GRADE_8']}"
How did the Silk Road influence trade and cultural exchange in ancient civilizations?,"{'intent': ['THEORY_REVIEW', 'REAL_WORLD_APPLICATION', 'CONCEPT_EXPLANATION'], 'subject': ['HISTORY', 'GEOGRAPHY'], 'topic': ['ANCIENT_CIVILIZATIONS', 'RESOURCES'], 'difficulty': ['MEDIUM'], 'gradeLevel': ['GRADE_10']}"
"Write a program to reverse a string, and explain its use in data processing.","{'intent': ['PROBLEM_SOLVING', 'REAL_WORLD_APPLICATION', 'CONCEPT_EXPLANATION'], 'subject': ['COMPUTER_SCIENCE'], 'topic': ['PROGRAMMING_BASICS', 'ALGORITHMS'], 'difficulty': ['MEDIUM'], 'gradeLevel': ['GRADE_11']}"
"How does the law of reflection apply to mirrors, and what are its uses in optical devices?","{'intent': ['CONCEPT_EXPLANATION', 'REAL_WORLD_APPLICATION', 'THEORY_REVIEW'], 'subject': ['PHYSICS'], 'topic': ['OPTICS', 'NOT_FOUND'], 'difficulty': ['MEDIUM'], 'gradeLevel': ['GRADE_9']}"
"What is the role of the respiratory system, and how does it interact with environmental factors?","{'intent': ['CONCEPT_EXPLANATION', 'REAL_WORLD_APPLICATION', 'THEORY_REVIEW'], 'subject': ['BIOLOGY', 'GEOGRAPHY'], 'topic': ['HUMAN_BODY', 'ENVIRONMENTAL_STUDIES'], 'difficulty': ['MEDIUM'], 'gradeLevel': ['GRADE_10']}"
"Calculate the mean and standard deviation of the dataset [2, 4, 6, 8], and explain their significance in data analysis.","{'intent': ['PROBLEM_SOLVING', 'CONCEPT_EXPLANATION', 'REAL_WORLD_APPLICATION'], 'subject': ['MATH'], 'topic': ['STATISTICS'], 'difficulty': ['MEDIUM'], 'gradeLevel': ['GRADE_11']}"
Analyze the theme of love in 'Pride and Prejudice' and solve a related comprehension question.,"{'intent': ['CONCEPT_EXPLANATION', 'COMPREHENSION', 'THEORY_REVIEW'], 'subject': ['ENGLISH'], 'topic': ['LITERATURE', 'COMPREHENSION'], 'difficulty': ['HARD'], 'gradeLevel': ['GRADE_12']}"
How do ocean currents influence climate and economic activities?,"{'intent': ['CONCEPT_EXPLANATION', 'REAL_WORLD_APPLICATION', 'THEORY_REVIEW'], 'subject': ['GEOGRAPHY'], 'topic': ['WEATHER_AND_CLIMATE', 'RESOURCES'], 'difficulty': ['MEDIUM'], 'gradeLevel': ['GRADE_10']}"
"What is the significance of atomic orbitals, and how are they used in chemical bonding?","{'intent': ['CONCEPT_EXPLANATION', 'REAL_WORLD_APPLICATION', 'EXAM_PREPARATION'], 'subject': ['CHEMISTRY'], 'topic': ['ATOMIC_STRUCTURE', 'CHEMICAL_REACTIONS'], 'difficulty': ['HARD'], 'gradeLevel': ['GRADE_11']}"
"Solve for the integral of ∫x² dx from 0 to 2, and discuss its applications in physics.","{'intent': ['PROBLEM_SOLVING', 'CONCEPT_EXPLANATION', 'REAL_WORLD_APPLICATION'], 'subject': ['MATH', 'PHYSICS'], 'topic': ['CALCULUS', 'NOT_FOUND'], 'difficulty': ['HARD'], 'gradeLevel': ['GRADE_12']}"
How did the American Revolution influence democratic ideals and global politics?,"{'intent': ['THEORY_REVIEW', 'REAL_WORLD_APPLICATION', 'CONCEPT_EXPLANATION'], 'subject': ['HISTORY'], 'topic': ['FREEDOM_MOVEMENTS', 'MODERN_HISTORY'], 'difficulty': ['MEDIUM'], 'gradeLevel': ['GRADE_10']}"
"What are the effects of pollution on ecosystems, and how can they be studied in a lab?","{'intent': ['CONCEPT_EXPLANATION', 'REAL_WORLD_APPLICATION', 'EXAM_PREPARATION'], 'subject': ['BIOLOGY', 'GEOGRAPHY'], 'topic': ['NOT_FOUND', 'ENVIRONMENTAL_STUDIES'], 'difficulty': ['HARD'], 'gradeLevel': ['GRADE_11']}"
"Write a program to implement a queue, and explain its use in operating systems.","{'intent': ['PROBLEM_SOLVING', 'CONCEPT_EXPLANATION', 'REAL_WORLD_APPLICATION'], 'subject': ['COMPUTER_SCIENCE'], 'topic': ['DATA_STRUCTURES', 'ALGORITHMS'], 'difficulty': ['HARD'], 'gradeLevel': ['GRADE_12']}"
"What is the principle of conservation of energy, and how is it applied in renewable energy systems?","{'intent': ['CONCEPT_EXPLANATION', 'REAL_WORLD_APPLICATION', 'THEORY_REVIEW'], 'subject': ['PHYSICS'], 'topic': ['WORK_AND_ENERGY', 'NOT_FOUND'], 'difficulty': ['MEDIUM'], 'gradeLevel': ['GRADE_10']}"
Which of the following are parts of an animal cell? A) Chloroplast B) Nucleus C) Cell wall D) Mitochondria,"{'intent': ['MCQ_PRACTICE', 'CONCEPT_EXPLANATION', 'EXAM_PREPARATION'], 'subject': ['BIOLOGY'], 'topic': ['CELL_STRUCTURE', 'HUMAN_BODY'], 'difficulty': ['EASY'], 'gradeLevel': ['GRADE_7']}"
"What are the rules for subject-verb agreement, and analyze their use in a given text?","{'intent': ['CONCEPT_EXPLANATION', 'COMPREHENSION', 'EXAM_PREPARATION'], 'subject': ['ENGLISH'], 'topic': ['GRAMMAR', 'COMPREHENSION'], 'difficulty': ['MEDIUM'], 'gradeLevel': ['GRADE_9']}"
"Calculate the surface area of a sphere with radius 4cm, and explain its use in design.","{'intent': ['PROBLEM_SOLVING', 'REAL_WORLD_APPLICATION', 'CONCEPT_EXPLANATION'], 'subject': ['MATH'], 'topic': ['GEOMETRY'], 'difficulty': ['EASY'], 'gradeLevel': ['GRADE_8']}"
"What are the causes and effects of global warming, and how can they be mitigated?","{'intent': ['CONCEPT_EXPLANATION', 'REAL_WORLD_APPLICATION', 'THEORY_REVIEW'], 'subject': ['GEOGRAPHY', 'CHEMISTRY'], 'topic': ['WEATHER_AND_CLIMATE', 'CHEMICAL_REACTIONS'], 'difficulty': ['HARD'], 'gradeLevel': ['GRADE_11']}"
Explain the concept of entropy and its role in energy efficiency in industrial processes.,"{'intent': ['CONCEPT_EXPLANATION', 'REAL_WORLD_APPLICATION', 'THEORY_REVIEW'], 'subject': ['PHYSICS', 'CHEMISTRY'], 'topic': ['THERMODYNAMICS', 'CHEMICAL_REACTIONS'], 'difficulty': ['HARD'], 'gradeLevel': ['GRADE_12']}"
"Solve the system of equations: x + 2y = 4, 3x - y = 7, and discuss their use in economics.","{'intent': ['PROBLEM_SOLVING', 'CONCEPT_EXPLANATION', 'REAL_WORLD_APPLICATION'], 'subject': ['MATH'], 'topic': ['ALGEBRA', 'NOT_FOUND'], 'difficulty': ['MEDIUM'], 'gradeLevel': ['GRADE_10']}"
Which of the following are properties of noble gases? A) Chemically reactive B) Low boiling point C) Form compounds easily D) Stable electron configuration,"{'intent': ['MCQ_PRACTICE', 'CONCEPT_EXPLANATION', 'EXAM_PREPARATION'], 'subject': ['CHEMISTRY'], 'topic': ['PERIODIC_TABLE', 'ATOMIC_STRUCTURE'], 'difficulty': ['EASY'], 'gradeLevel': ['GRADE_8']}"
How did the Mughal Empire influence architecture and cultural integration in India?,"{'intent': ['THEORY_REVIEW', 'REAL_WORLD_APPLICATION', 'CONCEPT_EXPLANATION'], 'subject': ['HISTORY'], 'topic': ['MEDIEVAL_HISTORY', 'ANCIENT_CIVILIZATIONS'], 'difficulty': ['MEDIUM'], 'gradeLevel': ['GRADE_10']}"
"Write a Python script to find the factorial of a number, and explain its use in combinatorics.","{'intent': ['PROBLEM_SOLVING', 'REAL_WORLD_APPLICATION', 'CONCEPT_EXPLANATION'], 'subject': ['COMPUTER_SCIENCE', 'MATH'], 'topic': ['PROGRAMMING_BASICS', 'STATISTICS'], 'difficulty': ['MEDIUM'], 'gradeLevel': ['GRADE_11']}"
"How does the principle of buoyancy apply to ships, and what are its environmental impacts?","{'intent': ['CONCEPT_EXPLANATION', 'REAL_WORLD_APPLICATION', 'THEORY_REVIEW'], 'subject': ['PHYSICS', 'GEOGRAPHY'], 'topic': ['LAWS_OF_MOTION', 'ENVIRONMENTAL_STUDIES'], 'difficulty': ['MEDIUM'], 'gradeLevel': ['GRADE_9']}"
"What is the role of the nervous system, and how does it interact with other body systems?","{'intent': ['CONCEPT_EXPLANATION', 'THEORY_REVIEW', 'REAL_WORLD_APPLICATION'], 'subject': ['BIOLOGY'], 'topic': ['HUMAN_BODY', 'CELL_STRUCTURE'], 'difficulty': ['MEDIUM'], 'gradeLevel': ['GRADE_10']}"
"Calculate the median and mode of the dataset [1, 3, 3, 5, 7], and explain their use in data interpretation.","{'intent': ['PROBLEM_SOLVING', 'CONCEPT_EXPLANATION', 'REAL_WORLD_APPLICATION'], 'subject': ['MATH'], 'topic': ['STATISTICS'], 'difficulty': ['EASY'], 'gradeLevel': ['GRADE_9']}"
Analyze the theme of power in 'Julius Caesar' and solve a related comprehension question.,"{'intent': ['CONCEPT_EXPLANATION', 'COMPREHENSION', 'THEORY_REVIEW'], 'subject': ['ENGLISH'], 'topic': ['LITERATURE', 'COMPREHENSION'], 'difficulty': ['HARD'], 'gradeLevel': ['GRADE_12']}"
How do glaciers shape landscapes and influence water resources?,"{'intent': ['CONCEPT_EXPLANATION', 'REAL_WORLD_APPLICATION', 'THEORY_REVIEW'], 'subject': ['GEOGRAPHY'], 'topic': ['PHYSICAL_FEATURES', 'RESOURCES'], 'difficulty': ['MEDIUM'], 'gradeLevel': ['GRADE_10']}"
"What is the role of catalysts in chemical reactions, and how are they used in industry?","{'intent': ['CONCEPT_EXPLANATION', 'REAL_WORLD_APPLICATION', 'EXAM_PREPARATION'], 'subject': ['CHEMISTRY'], 'topic': ['CHEMICAL_REACTIONS', 'NOT_FOUND'], 'difficulty': ['HARD'], 'gradeLevel': ['GRADE_11']}"
"Solve for the derivative of f(x) = ln(x) / x, and discuss its applications in optimization.","{'intent': ['PROBLEM_SOLVING', 'CONCEPT_EXPLANATION', 'REAL_WORLD_APPLICATION'], 'subject': ['MATH'], 'topic': ['CALCULUS'], 'difficulty': ['HARD'], 'gradeLevel': ['GRADE_12']}"
How did World War II impact technological advancements and global alliances?,"{'intent': ['THEORY_REVIEW', 'REAL_WORLD_APPLICATION', 'CONCEPT_EXPLANATION'], 'subject': ['HISTORY', 'COMPUTER_SCIENCE'], 'topic': ['WORLD_WARS', 'NOT_FOUND'], 'difficulty': ['HARD'], 'gradeLevel': ['GRADE_11']}"
"What are the ecological impacts of urbanization, and how can they be studied experimentally?","{'intent': ['CONCEPT_EXPLANATION', 'REAL_WORLD_APPLICATION', 'EXAM_PREPARATION'], 'subject': ['GEOGRAPHY', 'BIOLOGY'], 'topic': ['ENVIRONMENTAL_STUDIES', 'NOT_FOUND'], 'difficulty': ['HARD'], 'gradeLevel': ['GRADE_11']}"
"Write a program to implement a binary search, and explain its efficiency in data retrieval.","{'intent': ['PROBLEM_SOLVING', 'CONCEPT_EXPLANATION', 'REAL_WORLD_APPLICATION'], 'subject': ['COMPUTER_SCIENCE'], 'topic': ['ALGORITHMS', 'DATA_STRUCTURES'], 'difficulty': ['HARD'], 'gradeLevel': ['GRADE_12']}"
"What is the principle of electric circuits, and how is it applied in household appliances?","{'intent': ['CONCEPT_EXPLANATION', 'REAL_WORLD_APPLICATION', 'THEORY_REVIEW'], 'subject': ['PHYSICS'], 'topic': ['ELECTRICITY', 'NOT_FOUND'], 'difficulty': ['MEDIUM'], 'gradeLevel': ['GRADE_10']}"
Which of the following are functions of the cell membrane? A) Regulates transport B) Stores DNA C) Synthesizes proteins D) Maintains cell shape,"{'intent': ['MCQ_PRACTICE', 'CONCEPT_EXPLANATION', 'EXAM_PREPARATION'], 'subject': ['BIOLOGY'], 'topic': ['CELL_STRUCTURE', 'HUMAN_BODY'], 'difficulty': ['EASY'], 'gradeLevel': ['GRADE_7']}"
"What are the rules for using apostrophes, and analyze their use in a given sentence?","{'intent': ['CONCEPT_EXPLANATION', 'COMPREHENSION', 'EXAM_PREPARATION'], 'subject': ['ENGLISH'], 'topic': ['GRAMMAR', 'COMPREHENSION'], 'difficulty': ['MEDIUM'], 'gradeLevel': ['GRADE_9']}"
"Calculate the perimeter of a rectangle with length 6cm and width 4cm, and explain its use in construction.","{'intent': ['PROBLEM_SOLVING', 'REAL_WORLD_APPLICATION', 'CONCEPT_EXPLANATION'], 'subject': ['MATH'], 'topic': ['GEOMETRY'], 'difficulty': ['EASY'], 'gradeLevel': ['GRADE_8']}"
"What are the causes and effects of ozone depletion, and how can they be mitigated?","{'intent': ['CONCEPT_EXPLANATION', 'REAL_WORLD_APPLICATION', 'THEORY_REVIEW'], 'subject': ['CHEMISTRY', 'GEOGRAPHY'], 'topic': ['CHEMICAL_REACTIONS', 'ENVIRONMENTAL_STUDIES'], 'difficulty': ['HARD'], 'gradeLevel': ['GRADE_11']}"
Explain the theory of relativity and its applications in GPS technology.,"{'intent': ['CONCEPT_EXPLANATION', 'REAL_WORLD_APPLICATION', 'THEORY_REVIEW'], 'subject': ['PHYSICS', 'COMPUTER_SCIENCE'], 'topic': ['NOT_FOUND', 'ALGORITHMS'], 'difficulty': ['HARD'], 'gradeLevel': ['GRADE_12']}"
"Solve the quadratic equation x² - 4x + 4 = 0, and explain its geometric significance.","{'intent': ['PROBLEM_SOLVING', 'CONCEPT_EXPLANATION', 'REAL_WORLD_APPLICATION'], 'subject': ['MATH'], 'topic': ['ALGEBRA', 'GEOMETRY'], 'difficulty': ['MEDIUM'], 'gradeLevel': ['GRADE_9']}"
Which of the following are characteristics of acids? A) Taste sour B) pH > 7 C) Turn litmus blue D) React with metals,"{'intent': ['MCQ_PRACTICE', 'CONCEPT_EXPLANATION', 'EXAM_PREPARATION'], 'subject': ['CHEMISTRY'], 'topic': ['ACIDS_BASES_SALTS', 'CHEMICAL_REACTIONS'], 'difficulty': ['EASY'], 'gradeLevel': ['GRADE_8']}"
How did the Roman Empire influence modern legal systems and architecture?,"{'intent': ['THEORY_REVIEW', 'REAL_WORLD_APPLICATION', 'CONCEPT_EXPLANATION'], 'subject': ['HISTORY'], 'topic': ['ANCIENT_CIVILIZATIONS', 'MODERN_HISTORY'], 'difficulty': ['MEDIUM'], 'gradeLevel': ['GRADE_10']}"
"Write a Python script to generate prime numbers, and discuss their role in cryptography.","{'intent': ['PROBLEM_SOLVING', 'REAL_WORLD_APPLICATION', 'CONCEPT_EXPLANATION'], 'subject': ['COMPUTER_SCIENCE', 'MATH'], 'topic': ['PROGRAMMING_BASICS', 'NUMBER_SYSTEMS', 'CYBER_SECURITY'], 'difficulty': ['HARD'], 'gradeLevel': ['GRADE_12']}"
"How does the law of gravitation affect planetary motion, and what are its implications for space exploration?","{'intent': ['CONCEPT_EXPLANATION', 'REAL_WORLD_APPLICATION', 'THEORY_REVIEW'], 'subject': ['PHYSICS'], 'topic': ['GRAVITATION', 'NOT_FOUND'], 'difficulty': ['HARD'], 'gradeLevel': ['GRADE_11']}"
"What is the function of the digestive system, and how does it interact with environmental factors?","{'intent': ['CONCEPT_EXPLANATION', 'REAL_WORLD_APPLICATION', 'THEORY_REVIEW'], 'subject': ['BIOLOGY', 'GEOGRAPHY'], 'topic': ['HUMAN_BODY', 'ENVIRONMENTAL_STUDIES'], 'difficulty': ['MEDIUM'], 'gradeLevel': ['GRADE_9']}"
"Calculate the variance of the dataset [2, 4, 6, 8, 10], and explain its use in statistical analysis.","{'intent': ['PROBLEM_SOLVING', 'CONCEPT_EXPLANATION', 'REAL_WORLD_APPLICATION'], 'subject': ['MATH'], 'topic': ['STATISTICS'], 'difficulty': ['MEDIUM'], 'gradeLevel': ['GRADE_11']}"
Analyze the theme of revenge in 'Hamlet' and answer a related comprehension question.,"{'intent': ['CONCEPT_EXPLANATION', 'COMPREHENSION', 'THEORY_REVIEW'], 'subject': ['ENGLISH'], 'topic': ['LITERATURE', 'COMPREHENSION'], 'difficulty': ['HARD'], 'gradeLevel': ['GRADE_12']}"
How do earthquakes shape physical landscapes and affect human populations?,"{'intent': ['CONCEPT_EXPLANATION', 'REAL_WORLD_APPLICATION', 'THEORY_REVIEW'], 'subject': ['GEOGRAPHY', 'PHYSICS'], 'topic': ['PHYSICAL_FEATURES', 'NOT_FOUND'], 'difficulty': ['MEDIUM'], 'gradeLevel': ['GRADE_10']}"
"What is the significance of chemical equilibrium, and how is it applied in industrial processes?","{'intent': ['CONCEPT_EXPLANATION', 'REAL_WORLD_APPLICATION', 'EXAM_PREPARATION'], 'subject': ['CHEMISTRY'], 'topic': ['CHEMICAL_REACTIONS', 'NOT_FOUND'], 'difficulty': ['HARD'], 'gradeLevel': ['GRADE_11']}"
"Solve for the integral of ∫sin(x) dx from 0 to π, and discuss its applications in wave mechanics.","{'intent': ['PROBLEM_SOLVING', 'CONCEPT_EXPLANATION', 'REAL_WORLD_APPLICATION'], 'subject': ['MATH', 'PHYSICS'], 'topic': ['CALCULUS', 'NOT_FOUND'], 'difficulty': ['HARD'], 'gradeLevel': ['GRADE_12']}"
How did the Age of Exploration influence global trade and cultural exchange?,"{'intent': ['THEORY_REVIEW', 'REAL_WORLD_APPLICATION', 'CONCEPT_EXPLANATION'], 'subject': ['HISTORY', 'GEOGRAPHY'], 'topic': ['MODERN_HISTORY', 'RESOURCES'], 'difficulty': ['MEDIUM'], 'gradeLevel': ['GRADE_10']}"
"What are the ecological impacts of invasive species, and how can they be studied in a lab?","{'intent': ['CONCEPT_EXPLANATION', 'REAL_WORLD_APPLICATION', 'EXAM_PREPARATION'], 'subject': ['BIOLOGY', 'GEOGRAPHY'], 'topic': ['NOT_FOUND', 'ENVIRONMENTAL_STUDIES'], 'difficulty': ['HARD'], 'gradeLevel': ['GRADE_11']}"
"Write a program to implement a linked list, and explain its use in memory management.","{'intent': ['PROBLEM_SOLVING', 'CONCEPT_EXPLANATION', 'REAL_WORLD_APPLICATION'], 'subject': ['COMPUTER_SCIENCE'], 'topic': ['DATA_STRUCTURES', 'ALGORITHMS'], 'difficulty': ['HARD'], 'gradeLevel': ['GRADE_12']}"
"What is the principle of electromagnetic induction, and how is it used in power generation?","{'intent': ['CONCEPT_EXPLANATION', 'REAL_WORLD_APPLICATION', 'THEORY_REVIEW'], 'subject': ['PHYSICS'], 'topic': ['ELECTRICITY', 'NOT_FOUND'], 'difficulty': ['MEDIUM'], 'gradeLevel': ['GRADE_10']}"
Which of the following are components of DNA? A) Phosphate group B) Amino acid C) Sugar molecule D) Nitrogenous base,"{'intent': ['MCQ_PRACTICE', 'CONCEPT_EXPLANATION', 'EXAM_PREPARATION'], 'subject': ['BIOLOGY'], 'topic': ['CELL_STRUCTURE', 'HEREDITY_AND_EVOLUTION'], 'difficulty': ['EASY'], 'gradeLevel': ['GRADE_8']}"
"What are the rules for using colons and semicolons, and analyze their use in a given paragraph?","{'intent': ['CONCEPT_EXPLANATION', 'COMPREHENSION', 'EXAM_PREPARATION'], 'subject': ['ENGLISH'], 'topic': ['GRAMMAR', 'COMPREHENSION'], 'difficulty': ['MEDIUM'], 'gradeLevel': ['GRADE_9']}"
"Calculate the area of a triangle with base 5cm and height 6cm, and explain its use in engineering.","{'intent': ['PROBLEM_SOLVING', 'REAL_WORLD_APPLICATION', 'CONCEPT_EXPLANATION'], 'subject': ['MATH'], 'topic': ['GEOMETRY'], 'difficulty': ['EASY'], 'gradeLevel': ['GRADE_7']}"
"What are the causes and effects of soil erosion, and how can they be mitigated?","{'intent': ['CONCEPT_EXPLANATION', 'REAL_WORLD_APPLICATION', 'THEORY_REVIEW'], 'subject': ['GEOGRAPHY', 'BIOLOGY'], 'topic': ['ENVIRONMENTAL_STUDIES', 'NOT_FOUND'], 'difficulty': ['MEDIUM'], 'gradeLevel': ['GRADE_10']}"
Explain the concept of quantum mechanics and its applications in modern technology.,"{'intent': ['CONCEPT_EXPLANATION', 'REAL_WORLD_APPLICATION', 'THEORY_REVIEW'], 'subject': ['PHYSICS', 'COMPUTER_SCIENCE'], 'topic': ['NOT_FOUND', 'CYBER_SECURITY'], 'difficulty': ['HARD'], 'gradeLevel': ['GRADE_12']}"
"Solve the equation 2sin(x) = 1 for x in [0, π], and discuss its use in wave analysis.","{'intent': ['PROBLEM_SOLVING', 'CONCEPT_EXPLANATION', 'REAL_WORLD_APPLICATION'], 'subject': ['MATH', 'PHYSICS'], 'topic': ['TRIGONOMETRY', 'NOT_FOUND'], 'difficulty': ['HARD'], 'gradeLevel': ['GRADE_11']}"
Which of the following are properties of bases? A) Taste bitter B) pH < 7 C) Slippery feel D) React with acids,"{'intent': ['MCQ_PRACTICE', 'CONCEPT_EXPLANATION', 'EXAM_PREPARATION'], 'subject': ['CHEMISTRY'], 'topic': ['ACIDS_BASES_SALTS', 'CHEMICAL_REACTIONS'], 'difficulty': ['EASY'], 'gradeLevel': ['GRADE_8']}"
How did the Enlightenment influence modern democracy and scientific thought?,"{'intent': ['THEORY_REVIEW', 'REAL_WORLD_APPLICATION', 'CONCEPT_EXPLANATION'], 'subject': ['HISTORY'], 'topic': ['MODERN_HISTORY', 'FREEDOM_MOVEMENTS'], 'difficulty': ['MEDIUM'], 'gradeLevel': ['GRADE_10']}"
"Write a Python script to check if a string is a palindrome, and explain its use in text processing.","{'intent': ['PROBLEM_SOLVING', 'REAL_WORLD_APPLICATION', 'CONCEPT_EXPLANATION'], 'subject': ['COMPUTER_SCIENCE'], 'topic': ['PROGRAMMING_BASICS', 'ALGORITHMS'], 'difficulty': ['MEDIUM'], 'gradeLevel': ['GRADE_11']}"
"How does the principle of conservation of momentum apply to collisions, and what are its implications for safety engineering?","{'intent': ['CONCEPT_EXPLANATION', 'REAL_WORLD_APPLICATION', 'THEORY_REVIEW'], 'subject': ['PHYSICS'], 'topic': ['LAWS_OF_MOTION', 'WORK_AND_ENERGY'], 'difficulty': ['MEDIUM'], 'gradeLevel': ['GRADE_10']}"
"What is the role of the endocrine system, and how does it interact with environmental factors?","{'intent': ['CONCEPT_EXPLANATION', 'REAL_WORLD_APPLICATION', 'THEORY_REVIEW'], 'subject': ['BIOLOGY', 'GEOGRAPHY'], 'topic': ['HUMAN_BODY', 'ENVIRONMENTAL_STUDIES'], 'difficulty': ['MEDIUM'], 'gradeLevel': ['GRADE_9']}"
"Calculate the range of the dataset [3, 5, 7, 9, 11], and explain its use in statistical modeling.","{'intent': ['PROBLEM_SOLVING', 'CONCEPT_EXPLANATION', 'REAL_WORLD_APPLICATION'], 'subject': ['MATH'], 'topic': ['STATISTICS'], 'difficulty': ['EASY'], 'gradeLevel': ['GRADE_9']}"
Analyze the theme of identity in 'The Catcher in the Rye' and answer a related comprehension question.,"{'intent': ['CONCEPT_EXPLANATION', 'COMPREHENSION', 'THEORY_REVIEW'], 'subject': ['ENGLISH'], 'topic': ['LITERATURE', 'COMPREHENSION'], 'difficulty': ['HARD'], 'gradeLevel': ['GRADE_12']}"
How do monsoons affect agriculture and water resources in tropical regions?,"{'intent': ['CONCEPT_EXPLANATION', 'REAL_WORLD_APPLICATION', 'THEORY_REVIEW'], 'subject': ['GEOGRAPHY'], 'topic': ['WEATHER_AND_CLIMATE', 'RESOURCES'], 'difficulty': ['MEDIUM'], 'gradeLevel': ['GRADE_10']}"
"What is the role of valence electrons in chemical bonding, and how are they used in material science?","{'intent': ['CONCEPT_EXPLANATION', 'REAL_WORLD_APPLICATION', 'EXAM_PREPARATION'], 'subject': ['CHEMISTRY'], 'topic': ['ATOMIC_STRUCTURE', 'METALS_NONMETALS'], 'difficulty': ['HARD'], 'gradeLevel': ['GRADE_11']}"
"Solve for the derivative of f(x) = x²e^x, and discuss its applications in growth models.","{'intent': ['PROBLEM_SOLVING', 'CONCEPT_EXPLANATION', 'REAL_WORLD_APPLICATION'], 'subject': ['MATH'], 'topic': ['CALCULUS'], 'difficulty': ['HARD'], 'gradeLevel': ['GRADE_12']}"
How did the Industrial Revolution impact urbanization and technological innovation?,"{'intent': ['THEORY_REVIEW', 'REAL_WORLD_APPLICATION', 'CONCEPT_EXPLANATION'], 'subject': ['HISTORY', 'GEOGRAPHY'], 'topic': ['MODERN_HISTORY', 'ENVIRONMENTAL_STUDIES'], 'difficulty': ['MEDIUM'], 'gradeLevel': ['GRADE_10']}"
"What are the ecological impacts of overfishing, and how can they be studied experimentally?","{'intent': ['CONCEPT_EXPLANATION', 'REAL_WORLD_APPLICATION', 'EXAM_PREPARATION'], 'subject': ['BIOLOGY', 'GEOGRAPHY'], 'topic': ['NOT_FOUND', 'ENVIRONMENTAL_STUDIES'], 'difficulty': ['HARD'], 'gradeLevel': ['GRADE_11']}"
"Write a program to implement a hash table, and explain its use in database systems.","{'intent': ['PROBLEM_SOLVING', 'CONCEPT_EXPLANATION', 'REAL_WORLD_APPLICATION'], 'subject': ['COMPUTER_SCIENCE'], 'topic': ['DATA_STRUCTURES', 'ALGORITHMS'], 'difficulty': ['HARD'], 'gradeLevel': ['GRADE_12']}"
"What is the principle of wave-particle duality, and how is it applied in electron microscopy?","{'intent': ['CONCEPT_EXPLANATION', 'REAL_WORLD_APPLICATION', 'THEORY_REVIEW'], 'subject': ['PHYSICS', 'BIOLOGY'], 'topic': ['OPTICS', 'NOT_FOUND'], 'difficulty': ['HARD'], 'gradeLevel': ['GRADE_12']}"
Which of the following are functions of mitochondria? A) Energy production B) DNA storage C) Protein synthesis D) Cellular respiration,"{'intent': ['MCQ_PRACTICE', 'CONCEPT_EXPLANATION', 'EXAM_PREPARATION'], 'subject': ['BIOLOGY'], 'topic': ['CELL_STRUCTURE', 'HUMAN_BODY'], 'difficulty': ['EASY'], 'gradeLevel': ['GRADE_7']}"
"What are the rules for using quotation marks, and analyze their use in a given text?","{'intent': ['CONCEPT_EXPLANATION', 'COMPREHENSION', 'EXAM_PREPARATION'], 'subject': ['ENGLISH'], 'topic': ['GRAMMAR', 'COMPREHENSION'], 'difficulty': ['MEDIUM'], 'gradeLevel': ['GRADE_9']}"
"Calculate the volume of a cylinder with radius 3cm and height 5cm, and explain its use in engineering.","{'intent': ['PROBLEM_SOLVING', 'REAL_WORLD_APPLICATION', 'CONCEPT_EXPLANATION'], 'subject': ['MATH'], 'topic': ['GEOMETRY'], 'difficulty': ['EASY'], 'gradeLevel': ['GRADE_8']}"
"What are the causes and effects of desertification, and how can they be mitigated?","{'intent': ['CONCEPT_EXPLANATION', 'REAL_WORLD_APPLICATION', 'THEORY_REVIEW'], 'subject': ['GEOGRAPHY', 'BIOLOGY'], 'topic': ['ENVIRONMENTAL_STUDIES', 'NOT_FOUND'], 'difficulty': ['HARD'], 'gradeLevel': ['GRADE_11']}"
Explain the concept of plate tectonics and its role in earthquake prediction and resource exploration.,"{'intent': ['CONCEPT_EXPLANATION', 'REAL_WORLD_APPLICATION', 'THEORY_REVIEW'], 'subject': ['GEOGRAPHY', 'PHYSICS'], 'topic': ['PHYSICAL_FEATURES', 'NOT_FOUND'], 'difficulty': ['HARD'], 'gradeLevel': ['GRADE_11']}"
"Solve the equation cos(x) = -0.5 for x in [0, 2π], and discuss its applications in signal processing.","{'intent': ['PROBLEM_SOLVING', 'CONCEPT_EXPLANATION', 'REAL_WORLD_APPLICATION'], 'subject': ['MATH', 'COMPUTER_SCIENCE'], 'topic': ['TRIGONOMETRY', 'ALGORITHMS'], 'difficulty': ['HARD'], 'gradeLevel': ['GRADE_12']}"
Which of the following are characteristics of metalloids? A) Semi-conductors B) Brittle C) Form covalent bonds D) High melting point,"{'intent': ['MCQ_PRACTICE', 'CONCEPT_EXPLANATION', 'EXAM_PREPARATION'], 'subject': ['CHEMISTRY'], 'topic': ['METALS_NONMETALS', 'PERIODIC_TABLE'], 'difficulty': ['EASY'], 'gradeLevel': ['GRADE_8']}"
How did the French Revolution influence political ideologies and social structures?,"{'intent': ['THEORY_REVIEW', 'REAL_WORLD_APPLICATION', 'CONCEPT_EXPLANATION'], 'subject': ['HISTORY'], 'topic': ['FREEDOM_MOVEMENTS', 'MODERN_HISTORY'], 'difficulty': ['MEDIUM'], 'gradeLevel': ['GRADE_10']}"
"Write a Python script to sort a list using bubble sort, and explain its efficiency in algorithm design.","{'intent': ['PROBLEM_SOLVING', 'CONCEPT_EXPLANATION', 'REAL_WORLD_APPLICATION'], 'subject': ['COMPUTER_SCIENCE'], 'topic': ['ALGORITHMS', 'PROGRAMMING_BASICS'], 'difficulty': ['MEDIUM'], 'gradeLevel': ['GRADE_11']}"
"How does the principle of refraction apply to lenses, and what are its uses in optical instruments?","{'intent': ['CONCEPT_EXPLANATION', 'REAL_WORLD_APPLICATION', 'THEORY_REVIEW'], 'subject': ['PHYSICS'], 'topic': ['OPTICS', 'NOT_FOUND'], 'difficulty': ['MEDIUM'], 'gradeLevel': ['GRADE_9']}"
"What is the role of the immune system, and how does it interact with environmental pathogens?","{'intent': ['CONCEPT_EXPLANATION', 'REAL_WORLD_APPLICATION', 'THEORY_REVIEW'], 'subject': ['BIOLOGY', 'GEOGRAPHY'], 'topic': ['HUMAN_BODY', 'MICROORGANISMS'], 'difficulty': ['MEDIUM'], 'gradeLevel': ['GRADE_10']}"
"Calculate the interquartile range of the dataset [1, 3, 5, 7, 9, 11], and explain its use in data analysis.","{'intent': ['PROBLEM_SOLVING', 'CONCEPT_EXPLANATION', 'REAL_WORLD_APPLICATION'], 'subject': ['MATH'], 'topic': ['STATISTICS'], 'difficulty': ['MEDIUM'], 'gradeLevel': ['GRADE_11']}"
Analyze the theme of freedom in '1984' and answer a related comprehension question.,"{'intent': ['CONCEPT_EXPLANATION', 'COMPREHENSION', 'THEORY_REVIEW'], 'subject': ['ENGLISH'], 'topic': ['LITERATURE', 'COMPREHENSION'], 'difficulty': ['HARD'], 'gradeLevel': ['GRADE_12']}"
How do wetlands support biodiversity and influence water management?,"{'intent': ['CONCEPT_EXPLANATION', 'REAL_WORLD_APPLICATION', 'THEORY_REVIEW'], 'subject': ['GEOGRAPHY', 'BIOLOGY'], 'topic': ['ENVIRONMENTAL_STUDIES', 'NOT_FOUND'], 'difficulty': ['MEDIUM'], 'gradeLevel': ['GRADE_10']}"
"What is the role of stoichiometry in chemical reactions, and how is it used in laboratory experiments?","{'intent': ['CONCEPT_EXPLANATION', 'REAL_WORLD_APPLICATION', 'EXAM_PREPARATION'], 'subject': ['CHEMISTRY'], 'topic': ['CHEMICAL_REACTIONS', 'NOT_FOUND'], 'difficulty': ['HARD'], 'gradeLevel': ['GRADE_11']}"
"Solve for the integral of ∫x e^x dx from 0 to 1, and discuss its applications in physics.","{'intent': ['PROBLEM_SOLVING', 'CONCEPT_EXPLANATION', 'REAL_WORLD_APPLICATION'], 'subject': ['MATH', 'PHYSICS'], 'topic': ['CALCULUS', 'NOT_FOUND'], 'difficulty': ['HARD'], 'gradeLevel': ['GRADE_12']}"
How did the Civil Rights Movement influence social justice and legislative changes?,"{'intent': ['THEORY_REVIEW', 'REAL_WORLD_APPLICATION', 'CONCEPT_EXPLANATION'], 'subject': ['HISTORY'], 'topic': ['FREEDOM_MOVEMENTS', 'MODERN_HISTORY'], 'difficulty': ['MEDIUM'], 'gradeLevel': ['GRADE_10']}"
"What are the ecological impacts of climate change on marine ecosystems, and how can they be studied?","{'intent': ['CONCEPT_EXPLANATION', 'REAL_WORLD_APPLICATION', 'EXAM_PREPARATION'], 'subject': ['BIOLOGY', 'GEOGRAPHY'], 'topic': ['NOT_FOUND', 'ENVIRONMENTAL_STUDIES'], 'difficulty': ['HARD'], 'gradeLevel': ['GRADE_11']}"
"Write a program to implement a binary tree, and explain its use in data organization.","{'intent': ['PROBLEM_SOLVING', 'CONCEPT_EXPLANATION', 'REAL_WORLD_APPLICATION'], 'subject': ['COMPUTER_SCIENCE'], 'topic': ['DATA_STRUCTURES', 'ALGORITHMS'], 'difficulty': ['HARD'], 'gradeLevel': ['GRADE_12']}"
"What is the principle of electric fields, and how is it applied in capacitor design?","{'intent': ['CONCEPT_EXPLANATION', 'REAL_WORLD_APPLICATION', 'THEORY_REVIEW'], 'subject': ['PHYSICS'], 'topic': ['ELECTRICITY', 'NOT_FOUND'], 'difficulty': ['MEDIUM'], 'gradeLevel': ['GRADE_10']}"
Which of the following are components of a virus? A) Capsid B) Nucleus C) Genetic material D) Cell wall,"{'intent': ['MCQ_PRACTICE', 'CONCEPT_EXPLANATION', 'EXAM_PREPARATION'], 'subject': ['BIOLOGY'], 'topic': ['MICROORGANISMS', 'CELL_STRUCTURE'], 'difficulty': ['EASY'], 'gradeLevel': ['GRADE_8']}"
"What are the rules for parallel sentence structure, and analyze their use in a given essay?","{'intent': ['CONCEPT_EXPLANATION', 'COMPREHENSION', 'EXAM_PREPARATION'], 'subject': ['ENGLISH'], 'topic': ['GRAMMAR', 'COMPREHENSION'], 'difficulty': ['MEDIUM'], 'gradeLevel': ['GRADE_9']}"
"Calculate the circumference of a circle with radius 7cm, and explain its use in mechanical engineering.","{'intent': ['PROBLEM_SOLVING', 'REAL_WORLD_APPLICATION', 'CONCEPT_EXPLANATION'], 'subject': ['MATH'], 'topic': ['GEOMETRY'], 'difficulty': ['EASY'], 'gradeLevel': ['GRADE_7']}"
"What are the causes and effects of deforestation, and how can they be mitigated through sustainable practices?","{'intent': ['CONCEPT_EXPLANATION', 'REAL_WORLD_APPLICATION', 'THEORY_REVIEW'], 'subject': ['GEOGRAPHY', 'BIOLOGY'], 'topic': ['ENVIRONMENTAL_STUDIES', 'NOT_FOUND'], 'difficulty': ['HARD'], 'gradeLevel': ['GRADE_11']}"
Explain the concept of nuclear fission and its applications in energy production and weaponry.,"{'intent': ['CONCEPT_EXPLANATION', 'REAL_WORLD_APPLICATION', 'THEORY_REVIEW'], 'subject': ['PHYSICS', 'CHEMISTRY'], 'topic': ['NOT_FOUND', 'CHEMICAL_REACTIONS'], 'difficulty': ['HARD'], 'gradeLevel': ['GRADE_12']}"
"Solve the system of equations: x + y = 3, 2x - y = 0, and discuss its use in linear programming.","{'intent': ['PROBLEM_SOLVING', 'CONCEPT_EXPLANATION', 'REAL_WORLD_APPLICATION'], 'subject': ['MATH'], 'topic': ['ALGEBRA', 'NOT_FOUND'], 'difficulty': ['MEDIUM'], 'gradeLevel': ['GRADE_10']}"
Which of the following are properties of transition metals? A) High density B) Form colored compounds C) Low melting point D) Catalytic activity,"{'intent': ['MCQ_PRACTICE', 'CONCEPT_EXPLANATION', 'EXAM_PREPARATION'], 'subject': ['CHEMISTRY'], 'topic': ['PERIODIC_TABLE', 'METALS_NONMETALS'], 'difficulty': ['EASY'], 'gradeLevel': ['GRADE_8']}"
How did the ancient Greek civilization contribute to mathematics and philosophy?,"{'intent': ['THEORY_REVIEW', 'REAL_WORLD_APPLICATION', 'CONCEPT_EXPLANATION'], 'subject': ['HISTORY', 'MATH'], 'topic': ['ANCIENT_CIVILIZATIONS', 'GEOMETRY'], 'difficulty': ['MEDIUM'], 'gradeLevel': ['GRADE_10']}"
"Write a Python script to calculate the GCD of two numbers, and explain its use in cryptography.","{'intent': ['PROBLEM_SOLVING', 'REAL_WORLD_APPLICATION', 'CONCEPT_EXPLANATION'], 'subject': ['COMPUTER_SCIENCE', 'MATH'], 'topic': ['PROGRAMMING_BASICS', 'NUMBER_SYSTEMS', 'CYBER_SECURITY'], 'difficulty': ['HARD'], 'gradeLevel': ['GRADE_12']}"
"How does the principle of thermodynamics apply to engines, and what are its environmental impacts?","{'intent': ['CONCEPT_EXPLANATION', 'REAL_WORLD_APPLICATION', 'THEORY_REVIEW'], 'subject': ['PHYSICS', 'GEOGRAPHY'], 'topic': ['THERMODYNAMICS', 'ENVIRONMENTAL_STUDIES'], 'difficulty': ['HARD'], 'gradeLevel': ['GRADE_11']}"
"What is the role of the excretory system, and how does it interact with environmental toxins?","{'intent': ['CONCEPT_EXPLANATION', 'REAL_WORLD_APPLICATION', 'THEORY_REVIEW'], 'subject': ['BIOLOGY', 'GEOGRAPHY'], 'topic': ['HUMAN_BODY', 'ENVIRONMENTAL_STUDIES'], 'difficulty': ['MEDIUM'], 'gradeLevel': ['GRADE_9']}"
"Calculate the standard deviation of the dataset [4, 6, 8, 10, 12], and explain its significance in data analysis.","{'intent': ['PROBLEM_SOLVING', 'CONCEPT_EXPLANATION', 'REAL_WORLD_APPLICATION'], 'subject': ['MATH'], 'topic': ['STATISTICS'], 'difficulty': ['MEDIUM'], 'gradeLevel': ['GRADE_11']}"
Analyze the theme of betrayal in 'Othello' and answer a related comprehension question.,"{'intent': ['CONCEPT_EXPLANATION', 'COMPREHENSION', 'THEORY_REVIEW'], 'subject': ['ENGLISH'], 'topic': ['LITERATURE', 'COMPREHENSION'], 'difficulty': ['HARD'], 'gradeLevel': ['GRADE_12']}"
How do rivers influence agriculture and urban development?,"{'intent': ['CONCEPT_EXPLANATION', 'REAL_WORLD_APPLICATION', 'THEORY_REVIEW'], 'subject': ['GEOGRAPHY'], 'topic': ['RESOURCES', 'PHYSICAL_FEATURES'], 'difficulty': ['MEDIUM'], 'gradeLevel': ['GRADE_10']}"
"What is the role of redox reactions in electrochemistry, and how are they used in batteries?","{'intent': ['CONCEPT_EXPLANATION', 'REAL_WORLD_APPLICATION', 'EXAM_PREPARATION'], 'subject': ['CHEMISTRY', 'PHYSICS'], 'topic': ['CHEMICAL_REACTIONS', 'ELECTRICITY'], 'difficulty': ['HARD'], 'gradeLevel': ['GRADE_11']}"
"Solve for the derivative of f(x) = x³sin(x), and discuss its applications in vibration analysis.","{'intent': ['PROBLEM_SOLVING', 'CONCEPT_EXPLANATION', 'REAL_WORLD_APPLICATION'], 'subject': ['MATH', 'PHYSICS'], 'topic': ['CALCULUS', 'NOT_FOUND'], 'difficulty': ['HARD'], 'gradeLevel': ['GRADE_12']}"
How did the Russian Revolution influence global politics and economic systems?,"{'intent': ['THEORY_REVIEW', 'REAL_WORLD_APPLICATION', 'CONCEPT_EXPLANATION'], 'subject': ['HISTORY'], 'topic': ['FREEDOM_MOVEMENTS', 'MODERN_HISTORY'], 'difficulty': ['MEDIUM'], 'gradeLevel': ['GRADE_10']}"
"What are the ecological impacts of plastic pollution, and how can they be studied in a lab?","{'intent': ['CONCEPT_EXPLANATION', 'REAL_WORLD_APPLICATION', 'EXAM_PREPARATION'], 'subject': ['BIOLOGY', 'GEOGRAPHY'], 'topic': ['NOT_FOUND', 'ENVIRONMENTAL_STUDIES'], 'difficulty': ['HARD'], 'gradeLevel': ['GRADE_11']}"
"Write a program to implement a sorting algorithm, and explain its use in data processing.","{'intent': ['PROBLEM_SOLVING', 'CONCEPT_EXPLANATION', 'REAL_WORLD_APPLICATION'], 'subject': ['COMPUTER_SCIENCE'], 'topic': ['ALGORITHMS', 'PROGRAMMING_BASICS'], 'difficulty': ['HARD'], 'gradeLevel': ['GRADE_12']}"
"What is the principle of magnetic fields, and how is it applied in electric motors?","{'intent': ['CONCEPT_EXPLANATION', 'REAL_WORLD_APPLICATION', 'THEORY_REVIEW'], 'subject': ['PHYSICS'], 'topic': ['ELECTRICITY', 'NOT_FOUND'], 'difficulty': ['MEDIUM'], 'gradeLevel': ['GRADE_10']}"
Which of the following are functions of chloroplasts? A) Photosynthesis B) Energy storage C) Cell division D) Pigment production,"{'intent': ['MCQ_PRACTICE', 'CONCEPT_EXPLANATION', 'EXAM_PREPARATION'], 'subject': ['BIOLOGY'], 'topic': ['PLANT_PHYSIOLOGY', 'CELL_STRUCTURE'], 'difficulty': ['EASY'], 'gradeLevel': ['GRADE_7']}"
"What are the rules for active and passive voice, and analyze their use in a given text?","{'intent': ['CONCEPT_EXPLANATION', 'COMPREHENSION', 'EXAM_PREPARATION'], 'subject': ['ENGLISH'], 'topic': ['GRAMMAR', 'COMPREHENSION'], 'difficulty': ['MEDIUM'], 'gradeLevel': ['GRADE_9']}"
"Calculate the area of a parallelogram with base 8cm and height 5cm, and explain its use in architecture.","{'intent': ['PROBLEM_SOLVING', 'REAL_WORLD_APPLICATION', 'CONCEPT_EXPLANATION'], 'subject': ['MATH'], 'topic': ['GEOMETRY'], 'difficulty': ['EASY'], 'gradeLevel': ['GRADE_8']}"
"What are the causes and effects of biodiversity loss, and how can they be mitigated?","{'intent': ['CONCEPT_EXPLANATION', 'REAL_WORLD_APPLICATION', 'THEORY_REVIEW'], 'subject': ['BIOLOGY', 'GEOGRAPHY'], 'topic': ['NOT_FOUND', 'ENVIRONMENTAL_STUDIES'], 'difficulty': ['HARD'], 'gradeLevel': ['GRADE_11']}"
Explain the concept of superconductivity and its applications in medical imaging and transportation.,"{'intent': ['CONCEPT_EXPLANATION', 'REAL_WORLD_APPLICATION', 'THEORY_REVIEW'], 'subject': ['PHYSICS', 'BIOLOGY'], 'topic': ['ELECTRICITY', 'HUMAN_BODY'], 'difficulty': ['HARD'], 'gradeLevel': ['GRADE_12']}"
"Solve the equation ln(x) = 2, and discuss its applications in population growth models.","{'intent': ['PROBLEM_SOLVING', 'CONCEPT_EXPLANATION', 'REAL_WORLD_APPLICATION'], 'subject': ['MATH', 'BIOLOGY'], 'topic': ['ALGEBRA', 'NOT_FOUND'], 'difficulty': ['MEDIUM'], 'gradeLevel': ['GRADE_11']}"
Which of the following are characteristics of organic compounds? A) Contain carbon B) High boiling point C) Form ionic bonds D) Found in living organisms,"{'intent': ['MCQ_PRACTICE', 'CONCEPT_EXPLANATION', 'EXAM_PREPARATION'], 'subject': ['CHEMISTRY', 'BIOLOGY'], 'topic': ['CHEMICAL_REACTIONS', 'NOT_FOUND'], 'difficulty': ['EASY'], 'gradeLevel': ['GRADE_8']}"
How did the Han Dynasty contribute to trade and technological advancements?,"{'intent': ['THEORY_REVIEW', 'REAL_WORLD_APPLICATION', 'CONCEPT_EXPLANATION'], 'subject': ['HISTORY', 'GEOGRAPHY'], 'topic': ['ANCIENT_CIVILIZATIONS', 'RESOURCES'], 'difficulty': ['MEDIUM'], 'gradeLevel': ['GRADE_10']}"
"Write a Python script to find the LCM of two numbers, and explain its use in scheduling algorithms.","{'intent': ['PROBLEM_SOLVING', 'REAL_WORLD_APPLICATION', 'CONCEPT_EXPLANATION'], 'subject': ['COMPUTER_SCIENCE', 'MATH'], 'topic': ['PROGRAMMING_BASICS', 'NUMBER_SYSTEMS', 'ALGORITHMS'], 'difficulty': ['HARD'], 'gradeLevel': ['GRADE_12']}"
"How does the principle of centripetal force apply to circular motion, and what are its uses in amusement park rides?","{'intent': ['CONCEPT_EXPLANATION', 'REAL_WORLD_APPLICATION', 'THEORY_REVIEW'], 'subject': ['PHYSICS'], 'topic': ['LAWS_OF_MOTION', 'NOT_FOUND'], 'difficulty': ['MEDIUM'], 'gradeLevel': ['GRADE_9']}"
"What is the role of the skeletal system, and how does it interact with environmental factors like nutrition?","{'intent': ['CONCEPT_EXPLANATION', 'REAL_WORLD_APPLICATION', 'THEORY_REVIEW'], 'subject': ['BIOLOGY', 'GEOGRAPHY'], 'topic': ['HUMAN_BODY', 'NOT_FOUND'], 'difficulty': ['MEDIUM'], 'gradeLevel': ['GRADE_9']}"
"Calculate the correlation coefficient for the dataset [(1,2), (3,4), (5,6)], and explain its use in predictive modeling.","{'intent': ['PROBLEM_SOLVING', 'CONCEPT_EXPLANATION', 'REAL_WORLD_APPLICATION'], 'subject': ['MATH'], 'topic': ['STATISTICS'], 'difficulty': ['HARD'], 'gradeLevel': ['GRADE_12']}"
Analyze the theme of justice in 'To Kill a Mockingbird' and answer a related comprehension question.,"{'intent': ['CONCEPT_EXPLANATION', 'COMPREHENSION', 'THEORY_REVIEW'], 'subject': ['ENGLISH'], 'topic': ['LITERATURE', 'COMPREHENSION'], 'difficulty': ['HARD'], 'gradeLevel': ['GRADE_11']}"
How do coral reefs support marine ecosystems and influence coastal economies?,"{'intent': ['CONCEPT_EXPLANATION', 'REAL_WORLD_APPLICATION', 'THEORY_REVIEW'], 'subject': ['GEOGRAPHY', 'BIOLOGY'], 'topic': ['ENVIRONMENTAL_STUDIES', 'NOT_FOUND'], 'difficulty': ['MEDIUM'], 'gradeLevel': ['GRADE_10']}"
"What is the role of pH in chemical reactions, and how is it applied in agriculture?","{'intent': ['CONCEPT_EXPLANATION', 'REAL_WORLD_APPLICATION', 'EXAM_PREPARATION'], 'subject': ['CHEMISTRY', 'GEOGRAPHY'], 'topic': ['ACIDS_BASES_SALTS', 'RESOURCES'], 'difficulty': ['MEDIUM'], 'gradeLevel': ['GRADE_10']}"
"Solve for the integral of ∫cos(x) dx from 0 to π/2, and discuss its applications in signal analysis.","{'intent': ['PROBLEM_SOLVING', 'CONCEPT_EXPLANATION', 'REAL_WORLD_APPLICATION'], 'subject': ['MATH', 'COMPUTER_SCIENCE'], 'topic': ['CALCULUS', 'ALGORITHMS'], 'difficulty': ['HARD'], 'gradeLevel': ['GRADE_12']}"
How did the Renaissance contribute to art and scientific inquiry?,"{'intent': ['THEORY_REVIEW', 'REAL_WORLD_APPLICATION', 'CONCEPT_EXPLANATION'], 'subject': ['HISTORY'], 'topic': ['MODERN_HISTORY', 'ANCIENT_CIVILIZATIONS'], 'difficulty': ['MEDIUM'], 'gradeLevel': ['GRADE_10']}"
"What are the ecological impacts of oil spills, and how can they be studied in a controlled environment?","{'intent': ['CONCEPT_EXPLANATION', 'REAL_WORLD_APPLICATION', 'EXAM_PREPARATION'], 'subject': ['BIOLOGY', 'GEOGRAPHY'], 'topic': ['NOT_FOUND', 'ENVIRONMENTAL_STUDIES'], 'difficulty': ['HARD'], 'gradeLevel': ['GRADE_11']}"
"Write a program to implement a graph traversal algorithm, and explain its use in network analysis.","{'intent': ['PROBLEM_SOLVING', 'CONCEPT_EXPLANATION', 'REAL_WORLD_APPLICATION'], 'subject': ['COMPUTER_SCIENCE'], 'topic': ['ALGORITHMS', 'DATA_STRUCTURES'], 'difficulty': ['HARD'], 'gradeLevel': ['GRADE_12']}"
"What is the principle of fluid dynamics, and how is it applied in aerodynamics?","{'intent': ['CONCEPT_EXPLANATION', 'REAL_WORLD_APPLICATION', 'THEORY_REVIEW'], 'subject': ['PHYSICS'], 'topic': ['LAWS_OF_MOTION', 'NOT_FOUND'], 'difficulty': ['HARD'], 'gradeLevel': ['GRADE_11']}"
Which of the following are components of RNA? A) Sugar molecule B) Phosphate group C) Amino acid D) Nitrogenous base,"{'intent': ['MCQ_PRACTICE', 'CONCEPT_EXPLANATION', 'EXAM_PREPARATION'], 'subject': ['BIOLOGY'], 'topic': ['CELL_STRUCTURE', 'HEREDITY_AND_EVOLUTION'], 'difficulty': ['EASY'], 'gradeLevel': ['GRADE_8']}"
"What are the rules for writing a thesis statement, and analyze one in a given essay?","{'intent': ['CONCEPT_EXPLANATION', 'COMPREHENSION', 'EXAM_PREPARATION'], 'subject': ['ENGLISH'], 'topic': ['WRITING_SKILLS', 'COMPREHENSION'], 'difficulty': ['MEDIUM'], 'gradeLevel': ['GRADE_9']}"
"Calculate the perimeter of a square with side length 10cm, and explain its use in urban planning.","{'intent': ['PROBLEM_SOLVING', 'REAL_WORLD_APPLICATION', 'CONCEPT_EXPLANATION'], 'subject': ['MATH', 'GEOGRAPHY'], 'topic': ['GEOMETRY', 'NOT_FOUND'], 'difficulty': ['EASY'], 'gradeLevel': ['GRADE_7']}"
"What are the causes and effects of air pollution, and how can they be mitigated through policy?","{'intent': ['CONCEPT_EXPLANATION', 'REAL_WORLD_APPLICATION', 'THEORY_REVIEW'], 'subject': ['GEOGRAPHY', 'CHEMISTRY'], 'topic': ['ENVIRONMENTAL_STUDIES', 'CHEMICAL_REACTIONS'], 'difficulty': ['HARD'], 'gradeLevel': ['GRADE_11']}"
Explain the concept of black holes and their role in astrophysics and gravitational studies.,"{'intent': ['CONCEPT_EXPLANATION', 'REAL_WORLD_APPLICATION', 'THEORY_REVIEW'], 'subject': ['PHYSICS'], 'topic': ['GRAVITATION', 'NOT_FOUND'], 'difficulty': ['HARD'], 'gradeLevel': ['GRADE_12']}"
"Solve the equation e^x = 3, and discuss its applications in exponential growth models.","{'intent': ['PROBLEM_SOLVING', 'CONCEPT_EXPLANATION', 'REAL_WORLD_APPLICATION'], 'subject': ['MATH', 'BIOLOGY'], 'topic': ['ALGEBRA', 'NOT_FOUND'], 'difficulty': ['MEDIUM'], 'gradeLevel': ['GRADE_11']}"
Which of the following are characteristics of halogens? A) Highly reactive B) Form salts C) Low electronegativity D) Found in group 17,"{'intent': ['MCQ_PRACTICE', 'CONCEPT_EXPLANATION', 'EXAM_PREPARATION'], 'subject': ['CHEMISTRY'], 'topic': ['PERIODIC_TABLE', 'CHEMICAL_REACTIONS'], 'difficulty': ['EASY'], 'gradeLevel': ['GRADE_8']}"
How did the Byzantine Empire influence art and governance in medieval Europe?,"{'intent': ['THEORY_REVIEW', 'REAL_WORLD_APPLICATION', 'CONCEPT_EXPLANATION'], 'subject': ['HISTORY'], 'topic': ['MEDIEVAL_HISTORY', 'ANCIENT_CIVILIZATIONS'], 'difficulty': ['MEDIUM'], 'gradeLevel': ['GRADE_10']}"
"Write a Python script to check if a number is a perfect square, and explain its use in geometric algorithms.","{'intent': ['PROBLEM_SOLVING', 'REAL_WORLD_APPLICATION', 'CONCEPT_EXPLANATION'], 'subject': ['COMPUTER_SCIENCE', 'MATH'], 'topic': ['PROGRAMMING_BASICS', 'NUMBER_SYSTEMS', 'GEOMETRY'], 'difficulty': ['HARD'], 'gradeLevel': ['GRADE_12']}"
"How does the principle of projectile motion apply to sports, and what are its safety implications?","{'intent': ['CONCEPT_EXPLANATION', 'REAL_WORLD_APPLICATION', 'THEORY_REVIEW'], 'subject': ['PHYSICS'], 'topic': ['LAWS_OF_MOTION', 'NOT_FOUND'], 'difficulty': ['MEDIUM'], 'gradeLevel': ['GRADE_9']}"
"What is the role of the reproductive system, and how does it interact with environmental factors?","{'intent': ['CONCEPT_EXPLANATION', 'REAL_WORLD_APPLICATION', 'THEORY_REVIEW'], 'subject': ['BIOLOGY', 'GEOGRAPHY'], 'topic': ['HUMAN_BODY', 'ENVIRONMENTAL_STUDIES'], 'difficulty': ['MEDIUM'], 'gradeLevel': ['GRADE_10']}"
"Calculate the probability of drawing two aces from a deck of 52 cards, and explain its use in game theory.","{'intent': ['PROBLEM_SOLVING', 'CONCEPT_EXPLANATION', 'REAL_WORLD_APPLICATION'], 'subject': ['MATH'], 'topic': ['STATISTICS', 'NOT_FOUND'], 'difficulty': ['MEDIUM'], 'gradeLevel': ['GRADE_11']}"
Analyze the theme of ambition in 'The Great Gatsby' and answer a related comprehension question.,"{'intent': ['CONCEPT_EXPLANATION', 'COMPREHENSION', 'THEORY_REVIEW'], 'subject': ['ENGLISH'], 'topic': ['LITERATURE', 'COMPREHENSION'], 'difficulty': ['HARD'], 'gradeLevel': ['GRADE_12']}"
How do forests influence climate regulation and resource availability?,"{'intent': ['CONCEPT_EXPLANATION', 'REAL_WORLD_APPLICATION', 'THEORY_REVIEW'], 'subject': ['GEOGRAPHY', 'BIOLOGY'], 'topic': ['ENVIRONMENTAL_STUDIES', 'RESOURCES'], 'difficulty': ['MEDIUM'], 'gradeLevel': ['GRADE_10']}"
"What is the role of chemical kinetics in reaction rates, and how is it applied in industrial processes?","{'intent': ['CONCEPT_EXPLANATION', 'REAL_WORLD_APPLICATION', 'EXAM_PREPARATION'], 'subject': ['CHEMISTRY'], 'topic': ['CHEMICAL_REACTIONS', 'NOT_FOUND'], 'difficulty': ['HARD'], 'gradeLevel': ['GRADE_11']}"
"Solve for the derivative of f(x) = x²ln(x), and discuss its applications in optimization problems.","{'intent': ['PROBLEM_SOLVING', 'CONCEPT_EXPLANATION', 'REAL_WORLD_APPLICATION'], 'subject': ['MATH'], 'topic': ['CALCULUS', 'NOT_FOUND'], 'difficulty': ['HARD'], 'gradeLevel': ['GRADE_12']}"
How did the Indian Independence Movement influence global decolonization efforts?,"{'intent': ['THEORY_REVIEW', 'REAL_WORLD_APPLICATION', 'CONCEPT_EXPLANATION'], 'subject': ['HISTORY'], 'topic': ['FREEDOM_MOVEMENTS', 'MODERN_HISTORY'], 'difficulty': ['MEDIUM'], 'gradeLevel': ['GRADE_10']}"
"What are the ecological impacts of habitat fragmentation, and how can they be studied experimentally?","{'intent': ['CONCEPT_EXPLANATION', 'REAL_WORLD_APPLICATION', 'EXAM_PREPARATION'], 'subject': ['BIOLOGY', 'GEOGRAPHY'], 'topic': ['NOT_FOUND', 'ENVIRONMENTAL_STUDIES'], 'difficulty': ['HARD'], 'gradeLevel': ['GRADE_11']}"
"Write a program to implement a depth-first search, and explain its use in pathfinding algorithms.","{'intent': ['PROBLEM_SOLVING', 'CONCEPT_EXPLANATION', 'REAL_WORLD_APPLICATION'], 'subject': ['COMPUTER_SCIENCE'], 'topic': ['ALGORITHMS', 'DATA_STRUCTURES'], 'difficulty': ['HARD'], 'gradeLevel': ['GRADE_12']}"
"What is the principle of heat transfer, and how is it applied in climate control systems?","{'intent': ['CONCEPT_EXPLANATION', 'REAL_WORLD_APPLICATION', 'THEORY_REVIEW'], 'subject': ['PHYSICS'], 'topic': ['THERMODYNAMICS', 'NOT_FOUND'], 'difficulty': ['MEDIUM'], 'gradeLevel': ['GRADE_10']}"
Which of the following are functions of the nucleus? A) Controls cell activities B) Stores genetic material C) Synthesizes proteins D) Regulates transport,"{'intent': ['MCQ_PRACTICE', 'CONCEPT_EXPLANATION', 'EXAM_PREPARATION'], 'subject': ['BIOLOGY'], 'topic': ['CELL_STRUCTURE', 'HEREDITY_AND_EVOLUTION'], 'difficulty': ['EASY'], 'gradeLevel': ['GRADE_7']}"
"What are the rules for using hyphens, and analyze their use in a given text?","{'intent': ['CONCEPT_EXPLANATION', 'COMPREHENSION', 'EXAM_PREPARATION'], 'subject': ['ENGLISH'], 'topic': ['GRAMMAR', 'COMPREHENSION'], 'difficulty': ['MEDIUM'], 'gradeLevel': ['GRADE_9']}"
"Calculate the area of a trapezoid with bases 6cm and 4cm and height 5cm, and explain its use in construction.","{'intent': ['PROBLEM_SOLVING', 'REAL_WORLD_APPLICATION', 'CONCEPT_EXPLANATION'], 'subject': ['MATH'], 'topic': ['GEOMETRY'], 'difficulty': ['EASY'], 'gradeLevel': ['GRADE_8']}"
"What are the causes and effects of water pollution, and how can they be mitigated through technology?","{'intent': ['CONCEPT_EXPLANATION', 'REAL_WORLD_APPLICATION', 'THEORY_REVIEW'], 'subject': ['GEOGRAPHY', 'CHEMISTRY'], 'topic': ['ENVIRONMENTAL_STUDIES', 'CHEMICAL_REACTIONS'], 'difficulty': ['HARD'], 'gradeLevel': ['GRADE_11']}"
Explain the concept of dark matter and its role in galaxy formation and cosmology.,"{'intent': ['CONCEPT_EXPLANATION', 'REAL_WORLD_APPLICATION', 'THEORY_REVIEW'], 'subject': ['PHYSICS'], 'topic': ['GRAVITATION', 'NOT_FOUND'], 'difficulty': ['HARD'], 'gradeLevel': ['GRADE_12']}"
"Solve the equation 2x² + 3x - 5 = 0, and discuss its applications in structural engineering.","{'intent': ['PROBLEM_SOLVING', 'CONCEPT_EXPLANATION', 'REAL_WORLD_APPLICATION'], 'subject': ['MATH'], 'topic': ['ALGEBRA', 'NOT_FOUND'], 'difficulty': ['MEDIUM'], 'gradeLevel': ['GRADE_10']}"
Which of the following are properties of alkali metals? A) Soft and shiny B) Form basic oxides C) High electronegativity D) Found in group 1,"{'intent': ['MCQ_PRACTICE', 'CONCEPT_EXPLANATION', 'EXAM_PREPARATION'], 'subject': ['CHEMISTRY'], 'topic': ['PERIODIC_TABLE', 'METALS_NONMETALS'], 'difficulty': ['EASY'], 'gradeLevel': ['GRADE_8']}"
How did the Inca Empire contribute to architecture and agriculture in South America?,"{'intent': ['THEORY_REVIEW', 'REAL_WORLD_APPLICATION', 'CONCEPT_EXPLANATION'], 'subject': ['HISTORY', 'GEOGRAPHY'], 'topic': ['ANCIENT_CIVILIZATIONS', 'RESOURCES'], 'difficulty': ['MEDIUM'], 'gradeLevel': ['GRADE_10']}"
"Write a Python script to calculate the sum of digits in a number, and explain its use in checksum algorithms.","{'intent': ['PROBLEM_SOLVING', 'REAL_WORLD_APPLICATION', 'CONCEPT_EXPLANATION'], 'subject': ['COMPUTER_SCIENCE', 'MATH'], 'topic': ['PROGRAMMING_BASICS', 'NUMBER_SYSTEMS', 'ALGORITHMS'], 'difficulty': ['HARD'], 'gradeLevel': ['GRADE_12']}"
"How does the principle of wave interference apply to sound, and what are its uses in noise cancellation technology?","{'intent': ['CONCEPT_EXPLANATION', 'REAL_WORLD_APPLICATION', 'THEORY_REVIEW'], 'subject': ['PHYSICS'], 'topic': ['OPTICS', 'NOT_FOUND'], 'difficulty': ['HARD'], 'gradeLevel': ['GRADE_11']}"
"What is the role of the muscular system, and how does it interact with environmental factors like exercise?","{'intent': ['CONCEPT_EXPLANATION', 'REAL_WORLD_APPLICATION', 'THEORY_REVIEW'], 'subject': ['BIOLOGY'], 'topic': ['HUMAN_BODY', 'NOT_FOUND'], 'difficulty': ['MEDIUM'], 'gradeLevel': ['GRADE_9']}"
"Calculate the mean absolute deviation of the dataset [2, 4, 6, 8, 10], and explain its use in statistical analysis.","{'intent': ['PROBLEM_SOLVING', 'CONCEPT_EXPLANATION', 'REAL_WORLD_APPLICATION'], 'subject': ['MATH'], 'topic': ['STATISTICS'], 'difficulty': ['MEDIUM'], 'gradeLevel': ['GRADE_11']}"
Analyze the theme of isolation in 'Lord of the Flies' and answer a related comprehension question.,"{'intent': ['CONCEPT_EXPLANATION', 'COMPREHENSION', 'THEORY_REVIEW'], 'subject': ['ENGLISH'], 'topic': ['LITERATURE', 'COMPREHENSION'], 'difficulty': ['HARD'], 'gradeLevel': ['GRADE_11']}"
How do deserts influence climate patterns and human adaptation strategies?,"{'intent': ['CONCEPT_EXPLANATION', 'REAL_WORLD_APPLICATION', 'THEORY_REVIEW'], 'subject': ['GEOGRAPHY'], 'topic': ['WEATHER_AND_CLIMATE', 'PHYSICAL_FEATURES'], 'difficulty': ['MEDIUM'], 'gradeLevel': ['GRADE_10']}"
"What is the role of coordination compounds in chemistry, and how are they used in medical applications?","{'intent': ['CONCEPT_EXPLANATION', 'REAL_WORLD_APPLICATION', 'EXAM_PREPARATION'], 'subject': ['CHEMISTRY', 'BIOLOGY'], 'topic': ['CHEMICAL_REACTIONS', 'NOT_FOUND'], 'difficulty': ['HARD'], 'gradeLevel': ['GRADE_12']}"
"Solve for the integral of ∫x²sin(x) dx from 0 to π, and discuss its applications in oscillatory systems.","{'intent': ['PROBLEM_SOLVING', 'CONCEPT_EXPLANATION', 'REAL_WORLD_APPLICATION'], 'subject': ['MATH', 'PHYSICS'], 'topic': ['CALCULUS', 'NOT_FOUND'], 'difficulty': ['HARD'], 'gradeLevel': ['GRADE_12']}"
How did the Vietnam War influence global politics and social movements?,"{'intent': ['THEORY_REVIEW', 'REAL_WORLD_APPLICATION', 'CONCEPT_EXPLANATION'], 'subject': ['HISTORY'], 'topic': ['WORLD_WARS', 'MODERN_HISTORY'], 'difficulty': ['MEDIUM'], 'gradeLevel': ['GRADE_10']}"
"What are the ecological impacts of agricultural runoff, and how can they be studied in a lab?","{'intent': ['CONCEPT_EXPLANATION', 'REAL_WORLD_APPLICATION', 'EXAM_PREPARATION'], 'subject': ['BIOLOGY', 'GEOGRAPHY'], 'topic': ['NOT_FOUND', 'ENVIRONMENTAL_STUDIES'], 'difficulty': ['HARD'], 'gradeLevel': ['GRADE_11']}"
"Write a program to implement a breadth-first search, and explain its use in network routing.","{'intent': ['PROBLEM_SOLVING', 'CONCEPT_EXPLANATION', 'REAL_WORLD_APPLICATION'], 'subject': ['COMPUTER_SCIENCE'], 'topic': ['ALGORITHMS', 'DATA_STRUCTURES'], 'difficulty': ['HARD'], 'gradeLevel': ['GRADE_12']}"
"What is the principle of mechanical advantage, and how is it applied in simple machines?","{'intent': ['CONCEPT_EXPLANATION', 'REAL_WORLD_APPLICATION', 'THEORY_REVIEW'], 'subject': ['PHYSICS'], 'topic': ['WORK_AND_ENERGY', 'LAWS_OF_MOTION'], 'difficulty': ['MEDIUM'], 'gradeLevel': ['GRADE_9']}"
Which of the following are functions of ribosomes? A) Protein synthesis B) Energy production C) Genetic storage D) Cellular transport,"{'intent': ['MCQ_PRACTICE', 'CONCEPT_EXPLANATION', 'EXAM_PREPARATION'], 'subject': ['BIOLOGY'], 'topic': ['CELL_STRUCTURE', 'NOT_FOUND'], 'difficulty': ['EASY'], 'gradeLevel': ['GRADE_7']}"
"What are the rules for using parentheses in writing, and analyze their use in a given text?","{'intent': ['CONCEPT_EXPLANATION', 'COMPREHENSION', 'EXAM_PREPARATION'], 'subject': ['ENGLISH'], 'topic': ['GRAMMAR', 'COMPREHENSION'], 'difficulty': ['MEDIUM'], 'gradeLevel': ['GRADE_9']}"
"Calculate the volume of a sphere with radius 6cm, and explain its use in fluid dynamics.","{'intent': ['PROBLEM_SOLVING', 'REAL_WORLD_APPLICATION', 'CONCEPT_EXPLANATION'], 'subject': ['MATH', 'PHYSICS'], 'topic': ['GEOMETRY', 'NOT_FOUND'], 'difficulty': ['EASY'], 'gradeLevel': ['GRADE_8']}"
"What are the causes and effects of coastal erosion, and how can they be mitigated through engineering?","{'intent': ['CONCEPT_EXPLANATION', 'REAL_WORLD_APPLICATION', 'THEORY_REVIEW'], 'subject': ['GEOGRAPHY', 'PHYSICS'], 'topic': ['PHYSICAL_FEATURES', 'NOT_FOUND'], 'difficulty': ['HARD'], 'gradeLevel': ['GRADE_11']}"
Explain the concept of gravitational waves and their detection in modern astrophysics.,"{'intent': ['CONCEPT_EXPLANATION', 'REAL_WORLD_APPLICATION', 'THEORY_REVIEW'], 'subject': ['PHYSICS'], 'topic': ['GRAVITATION', 'NOT_FOUND'], 'difficulty': ['HARD'], 'gradeLevel': ['GRADE_12']}"
"Solve the equation 3x² - 6x + 2 = 0, and discuss its applications in projectile motion analysis.","{'intent': ['PROBLEM_SOLVING', 'CONCEPT_EXPLANATION', 'REAL_WORLD_APPLICATION'], 'subject': ['MATH', 'PHYSICS'], 'topic': ['ALGEBRA', 'LAWS_OF_MOTION'], 'difficulty': ['MEDIUM'], 'gradeLevel': ['GRADE_10']}"
Which of the following are properties of noble gases? A) Inert B) High reactivity C) Form diatomic molecules D) Found in group 18,"{'intent': ['MCQ_PRACTICE', 'CONCEPT_EXPLANATION', 'EXAM_PREPARATION'], 'subject': ['CHEMISTRY'], 'topic': ['PERIODIC_TABLE', 'ATOMIC_STRUCTURE'], 'difficulty': ['EASY'], 'gradeLevel': ['GRADE_8']}"
How did the Egyptian civilization contribute to mathematics and engineering?,"{'intent': ['THEORY_REVIEW', 'REAL_WORLD_APPLICATION', 'CONCEPT_EXPLANATION'], 'subject': ['HISTORY', 'MATH'], 'topic': ['ANCIENT_CIVILIZATIONS', 'GEOMETRY'], 'difficulty': ['MEDIUM'], 'gradeLevel': ['GRADE_10']}"
"Write a Python script to generate a Fibonacci sequence, and explain its use in financial modeling.","{'intent': ['PROBLEM_SOLVING', 'REAL_WORLD_APPLICATION', 'CONCEPT_EXPLANATION'], 'subject': ['COMPUTER_SCIENCE', 'MATH'], 'topic': ['PROGRAMMING_BASICS', 'NUMBER_SYSTEMS', 'NOT_FOUND'], 'difficulty': ['HARD'], 'gradeLevel': ['GRADE_12']}"
"How does the principle of energy conservation apply to roller coasters, and what are its safety implications?","{'intent': ['CONCEPT_EXPLANATION', 'REAL_WORLD_APPLICATION', 'THEORY_REVIEW'], 'subject': ['PHYSICS'], 'topic': ['WORK_AND_ENERGY', 'NOT_FOUND'], 'difficulty': ['MEDIUM'], 'gradeLevel': ['GRADE_9']}"
"What is the role of the lymphatic system, and how does it interact with environmental pathogens?","{'intent': ['CONCEPT_EXPLANATION', 'REAL_WORLD_APPLICATION', 'THEORY_REVIEW'], 'subject': ['BIOLOGY'], 'topic': ['HUMAN_BODY', 'MICROORGANISMS'], 'difficulty': ['MEDIUM'], 'gradeLevel': ['GRADE_10']}"
"Calculate the skewness of the dataset [1, 2, 2, 3, 5], and explain its use in data distribution analysis.","{'intent': ['PROBLEM_SOLVING', 'CONCEPT_EXPLANATION', 'REAL_WORLD_APPLICATION'], 'subject': ['MATH'], 'topic': ['STATISTICS'], 'difficulty': ['HARD'], 'gradeLevel': ['GRADE_12']}"
Analyze the theme of morality in 'Animal Farm' and answer a related comprehension question.,"{'intent': ['CONCEPT_EXPLANATION', 'COMPREHENSION', 'THEORY_REVIEW'], 'subject': ['ENGLISH'], 'topic': ['LITERATURE', 'COMPREHENSION'], 'difficulty': ['HARD'], 'gradeLevel': ['GRADE_11']}"
How do mountains influence climate patterns and human settlement?,"{'intent': ['CONCEPT_EXPLANATION', 'REAL_WORLD_APPLICATION', 'THEORY_REVIEW'], 'subject': ['GEOGRAPHY'], 'topic': ['PHYSICAL_FEATURES', 'WEATHER_AND_CLIMATE'], 'difficulty': ['MEDIUM'], 'gradeLevel': ['GRADE_10']}"
"What is the role of isotopes in chemical analysis, and how are they used in archaeology?","{'intent': ['CONCEPT_EXPLANATION', 'REAL_WORLD_APPLICATION', 'EXAM_PREPARATION'], 'subject': ['CHEMISTRY', 'HISTORY'], 'topic': ['ATOMIC_STRUCTURE', 'NOT_FOUND'], 'difficulty': ['HARD'], 'gradeLevel': ['GRADE_11']}"
"Solve for the derivative of f(x) = e^x / x², and discuss its applications in economic modeling.","{'intent': ['PROBLEM_SOLVING', 'CONCEPT_EXPLANATION', 'REAL_WORLD_APPLICATION'], 'subject': ['MATH'], 'topic': ['CALCULUS', 'NOT_FOUND'], 'difficulty': ['HARD'], 'gradeLevel': ['GRADE_12']}"
How did the Cold War influence space exploration and technological advancements?,"{'intent': ['THEORY_REVIEW', 'REAL_WORLD_APPLICATION', 'CONCEPT_EXPLANATION'], 'subject': ['HISTORY', 'COMPUTER_SCIENCE'], 'topic': ['MODERN_HISTORY', 'NOT_FOUND'], 'difficulty': ['MEDIUM'], 'gradeLevel': ['GRADE_10']}"
"What are the ecological impacts of invasive plant species, and how can they be studied in a lab?","{'intent': ['CONCEPT_EXPLANATION', 'REAL_WORLD_APPLICATION', 'EXAM_PREPARATION'], 'subject': ['BIOLOGY', 'GEOGRAPHY'], 'topic': ['PLANT_PHYSIOLOGY', 'ENVIRONMENTAL_STUDIES'], 'difficulty': ['HARD'], 'gradeLevel': ['GRADE_11']}"
"Write a program to implement a merge sort algorithm, and explain its use in large-scale data processing.","{'intent': ['PROBLEM_SOLVING', 'CONCEPT_EXPLANATION', 'REAL_WORLD_APPLICATION'], 'subject': ['COMPUTER_SCIENCE'], 'topic': ['ALGORITHMS', 'DATA_STRUCTURES'], 'difficulty': ['HARD'], 'gradeLevel': ['GRADE_12']}"
"What is the principle of nuclear magnetic resonance, and how is it applied in medical diagnostics?","{'intent': ['CONCEPT_EXPLANATION', 'REAL_WORLD_APPLICATION', 'THEORY_REVIEW'], 'subject': ['PHYSICS', 'BIOLOGY'], 'topic': ['NOT_FOUND', 'HUMAN_BODY'], 'difficulty': ['HARD'], 'gradeLevel': ['GRADE_12']}"
Which of the following are functions of the endoplasmic reticulum? A) Protein synthesis B) Lipid synthesis C) Energy production D) Detoxification,"{'intent': ['MCQ_PRACTICE', 'CONCEPT_EXPLANATION', 'EXAM_PREPARATION'], 'subject': ['BIOLOGY'], 'topic': ['CELL_STRUCTURE', 'NOT_FOUND'], 'difficulty': ['EASY'], 'gradeLevel': ['GRADE_8']}"
"What are the rules for comma usage, and analyze their application in a given paragraph?","{'intent': ['CONCEPT_EXPLANATION', 'COMPREHENSION', 'EXAM_PREPARATION'], 'subject': ['ENGLISH'], 'topic': ['GRAMMAR', 'COMPREHENSION'], 'difficulty': ['MEDIUM'], 'gradeLevel': ['GRADE_9']}"
"Calculate the surface area of a cube with side length 4cm, and explain its use in packaging design.","{'intent': ['PROBLEM_SOLVING', 'REAL_WORLD_APPLICATION', 'CONCEPT_EXPLANATION'], 'subject': ['MATH'], 'topic': ['GEOMETRY'], 'difficulty': ['EASY'], 'gradeLevel': ['GRADE_7']}"
"What are the causes and effects of urban heat islands, and how can they be mitigated through urban planning?","{'intent': ['CONCEPT_EXPLANATION', 'REAL_WORLD_APPLICATION', 'THEORY_REVIEW'], 'subject': ['GEOGRAPHY', 'PHYSICS'], 'topic': ['ENVIRONMENTAL_STUDIES', 'THERMODYNAMICS'], 'difficulty': ['HARD'], 'gradeLevel': ['GRADE_11']}"
Explain the concept of the Doppler effect and its applications in astronomy and medical imaging.,"{'intent': ['CONCEPT_EXPLANATION', 'REAL_WORLD_APPLICATION', 'THEORY_REVIEW'], 'subject': ['PHYSICS', 'BIOLOGY'], 'topic': ['OPTICS', 'HUMAN_BODY'], 'difficulty': ['HARD'], 'gradeLevel': ['GRADE_12']}"
"Solve the equation 4x² - 8x + 3 = 0, and discuss its applications in optics design.","{'intent': ['PROBLEM_SOLVING', 'CONCEPT_EXPLANATION', 'REAL_WORLD_APPLICATION'], 'subject': ['MATH', 'PHYSICS'], 'topic': ['ALGEBRA', 'OPTICS'], 'difficulty': ['MEDIUM'], 'gradeLevel': ['GRADE_10']}"
Which of the following are properties of alkaline earth metals? A) Form basic oxides B) High density C) Found in group 2 D) Low reactivity,"{'intent': ['MCQ_PRACTICE', 'CONCEPT_EXPLANATION', 'EXAM_PREPARATION'], 'subject': ['CHEMISTRY'], 'topic': ['PERIODIC_TABLE', 'METALS_NONMETALS'], 'difficulty': ['EASY'], 'gradeLevel': ['GRADE_8']}"
How did the Mesopotamian civilization contribute to writing systems and urban planning?,"{'intent': ['THEORY_REVIEW', 'REAL_WORLD_APPLICATION', 'CONCEPT_EXPLANATION'], 'subject': ['HISTORY', 'GEOGRAPHY'], 'topic': ['ANCIENT_CIVILIZATIONS', 'NOT_FOUND'], 'difficulty': ['MEDIUM'], 'gradeLevel': ['GRADE_10']}"
"Write a Python script to calculate the power of a number, and explain its use in cryptographic algorithms.","{'intent': ['PROBLEM_SOLVING', 'REAL_WORLD_APPLICATION', 'CONCEPT_EXPLANATION'], 'subject': ['COMPUTER_SCIENCE', 'MATH'], 'topic': ['PROGRAMMING_BASICS', 'NUMBER_SYSTEMS', 'CYBER_SECURITY'], 'difficulty': ['HARD'], 'gradeLevel': ['GRADE_12']}"
"How does the principle of torque apply to mechanical systems, and what are its uses in engineering design?","{'intent': ['CONCEPT_EXPLANATION', 'REAL_WORLD_APPLICATION', 'THEORY_REVIEW'], 'subject': ['PHYSICS'], 'topic': ['LAWS_OF_MOTION', 'NOT_FOUND'], 'difficulty': ['MEDIUM'], 'gradeLevel': ['GRADE_9']}"
"What is the role of the circulatory system, and how does it interact with environmental factors like altitude?","{'intent': ['CONCEPT_EXPLANATION', 'REAL_WORLD_APPLICATION', 'THEORY_REVIEW'], 'subject': ['BIOLOGY', 'GEOGRAPHY'], 'topic': ['HUMAN_BODY', 'ENVIRONMENTAL_STUDIES'], 'difficulty': ['MEDIUM'], 'gradeLevel': ['GRADE_10']}"
"Calculate the z-score for a value of 85 in a dataset with mean 75 and standard deviation 5, and explain its use in statistical analysis.","{'intent': ['PROBLEM_SOLVING', 'CONCEPT_EXPLANATION', 'REAL_WORLD_APPLICATION'], 'subject': ['MATH'], 'topic': ['STATISTICS'], 'difficulty': ['MEDIUM'], 'gradeLevel': ['GRADE_11']}"
Analyze the theme of oppression in 'The Handmaid's Tale' and answer a related comprehension question.,"{'intent': ['CONCEPT_EXPLANATION', 'COMPREHENSION', 'THEORY_REVIEW'], 'subject': ['ENGLISH'], 'topic': ['LITERATURE', 'COMPREHENSION'], 'difficulty': ['HARD'], 'gradeLevel': ['GRADE_12']}"
How do volcanoes influence soil fertility and human settlement patterns?,"{'intent': ['CONCEPT_EXPLANATION', 'REAL_WORLD_APPLICATION', 'THEORY_REVIEW'], 'subject': ['GEOGRAPHY', 'BIOLOGY'], 'topic': ['PHYSICAL_FEATURES', 'RESOURCES'], 'difficulty': ['MEDIUM'], 'gradeLevel': ['GRADE_10']}"
"What is the role of polymerization in chemistry, and how is it applied in the plastics industry?","{'intent': ['CONCEPT_EXPLANATION', 'REAL_WORLD_APPLICATION', 'EXAM_PREPARATION'], 'subject': ['CHEMISTRY'], 'topic': ['CHEMICAL_REACTIONS', 'NOT_FOUND'], 'difficulty': ['HARD'], 'gradeLevel': ['GRADE_11']}"
"Solve for the integral of ∫x³ dx from 1 to 2, and discuss its applications in volume calculations.","{'intent': ['PROBLEM_SOLVING', 'CONCEPT_EXPLANATION', 'REAL_WORLD_APPLICATION'], 'subject': ['MATH'], 'topic': ['CALCULUS', 'GEOMETRY'], 'difficulty': ['HARD'], 'gradeLevel': ['GRADE_12']}"
How did the Suffrage Movement influence gender equality and political participation?,"{'intent': ['THEORY_REVIEW', 'REAL_WORLD_APPLICATION', 'CONCEPT_EXPLANATION'], 'subject': ['HISTORY'], 'topic': ['FREEDOM_MOVEMENTS', 'MODERN_HISTORY'], 'difficulty': ['MEDIUM'], 'gradeLevel': ['GRADE_10']}"
"What are the ecological impacts of pesticide use, and how can they be studied in a controlled environment?","{'intent': ['CONCEPT_EXPLANATION', 'REAL_WORLD_APPLICATION', 'EXAM_PREPARATION'], 'subject': ['BIOLOGY', 'GEOGRAPHY'], 'topic': ['NOT_FOUND', 'ENVIRONMENTAL_STUDIES'], 'difficulty': ['HARD'], 'gradeLevel': ['GRADE_11']}"
"Write a program to implement a quicksort algorithm, and explain its use in database optimization.","{'intent': ['PROBLEM_SOLVING', 'CONCEPT_EXPLANATION', 'REAL_WORLD_APPLICATION'], 'subject': ['COMPUTER_SCIENCE'], 'topic': ['ALGORITHMS', 'DATA_STRUCTURES'], 'difficulty': ['HARD'], 'gradeLevel': ['GRADE_12']}"
"What is the principle of electromagnetic waves, and how is it applied in communication systems?","{'intent': ['CONCEPT_EXPLANATION', 'REAL_WORLD_APPLICATION', 'THEORY_REVIEW'], 'subject': ['PHYSICS', 'COMPUTER_SCIENCE'], 'topic': ['ELECTRICITY', 'NOT_FOUND'], 'difficulty': ['HARD'], 'gradeLevel': ['GRADE_11']}"
Which of the following are functions of the Golgi apparatus? A) Protein modification B) Energy production C) Lipid packaging D) Cell division,"{'intent': ['MCQ_PRACTICE', 'CONCEPT_EXPLANATION', 'EXAM_PREPARATION'], 'subject': ['BIOLOGY'], 'topic': ['CELL_STRUCTURE', 'NOT_FOUND'], 'difficulty': ['EASY'], 'gradeLevel': ['GRADE_8']}"
"What are the rules for subject-verb-object sentence structure, and analyze their use in a given text?","{'intent': ['CONCEPT_EXPLANATION', 'COMPREHENSION', 'EXAM_PREPARATION'], 'subject': ['ENGLISH'], 'topic': ['GRAMMAR', 'COMPREHENSION'], 'difficulty': ['MEDIUM'], 'gradeLevel': ['GRADE_9']}"
"Calculate the perimeter of a pentagon with side length 5cm, and explain its use in landscape design.","{'intent': ['PROBLEM_SOLVING', 'REAL_WORLD_APPLICATION', 'CONCEPT_EXPLANATION'], 'subject': ['MATH', 'GEOGRAPHY'], 'topic': ['GEOMETRY', 'NOT_FOUND'], 'difficulty': ['EASY'], 'gradeLevel': ['GRADE_7']}"
"What are the causes and effects of greenhouse gas emissions, and how can they be mitigated through renewable energy?","{'intent': ['CONCEPT_EXPLANATION', 'REAL_WORLD_APPLICATION', 'THEORY_REVIEW'], 'subject': ['GEOGRAPHY', 'CHEMISTRY'], 'topic': ['ENVIRONMENTAL_STUDIES', 'CHEMICAL_REACTIONS'], 'difficulty': ['HARD'], 'gradeLevel': ['GRADE_11']}"
Explain the concept of relativity in the context of time dilation and its applications in satellite navigation.,"{'intent': ['CONCEPT_EXPLANATION', 'REAL_WORLD_APPLICATION', 'THEORY_REVIEW'], 'subject': ['PHYSICS', 'COMPUTER_SCIENCE'], 'topic': ['NOT_FOUND', 'ALGORITHMS'], 'difficulty': ['HARD'], 'gradeLevel': ['GRADE_12']}"
"Solve the equation tan(x) = 1 for x in [0, π], and discuss its applications in navigation systems.","{'intent': ['PROBLEM_SOLVING', 'CONCEPT_EXPLANATION', 'REAL_WORLD_APPLICATION'], 'subject': ['MATH', 'GEOGRAPHY'], 'topic': ['TRIGONOMETRY', 'NOT_FOUND'], 'difficulty': ['MEDIUM'], 'gradeLevel': ['GRADE_11']}"
Which of the following are characteristics of lanthanides? A) High melting points B) Form colored ions C) Found in period 6 D) Low density,"{'intent': ['MCQ_PRACTICE', 'CONCEPT_EXPLANATION', 'EXAM_PREPARATION'], 'subject': ['CHEMISTRY'], 'topic': ['PERIODIC_TABLE', 'METALS_NONMETALS'], 'difficulty': ['EASY'], 'gradeLevel': ['GRADE_8']}"
How did the Indus Valley Civilization contribute to urban planning and trade networks?,"{'intent': ['THEORY_REVIEW', 'REAL_WORLD_APPLICATION', 'CONCEPT_EXPLANATION'], 'subject': ['HISTORY', 'GEOGRAPHY'], 'topic': ['ANCIENT_CIVILIZATIONS', 'RESOURCES'], 'difficulty': ['MEDIUM'], 'gradeLevel': ['GRADE_10']}"
"Write a Python script to reverse a string, and explain its use in data validation algorithms.","{'intent': ['PROBLEM_SOLVING', 'REAL_WORLD_APPLICATION', 'CONCEPT_EXPLANATION'], 'subject': ['COMPUTER_SCIENCE'], 'topic': ['PROGRAMMING_BASICS', 'ALGORITHMS'], 'difficulty': ['MEDIUM'], 'gradeLevel': ['GRADE_11']}"
"How does the principle of angular momentum apply to spinning objects, and what are its uses in space exploration?","{'intent': ['CONCEPT_EXPLANATION', 'REAL_WORLD_APPLICATION', 'THEORY_REVIEW'], 'subject': ['PHYSICS'], 'topic': ['LAWS_OF_MOTION', 'NOT_FOUND'], 'difficulty': ['HARD'], 'gradeLevel': ['GRADE_11']}"
"What is the role of the respiratory system, and how does it interact with environmental pollutants?","{'intent': ['CONCEPT_EXPLANATION', 'REAL_WORLD_APPLICATION', 'THEORY_REVIEW'], 'subject': ['BIOLOGY', 'GEOGRAPHY'], 'topic': ['HUMAN_BODY', 'ENVIRONMENTAL_STUDIES'], 'difficulty': ['MEDIUM'], 'gradeLevel': ['GRADE_10']}"
"Calculate the binomial probability of getting exactly 3 successes in 5 trials with p = 0.4, and explain its use in quality control.","{'intent': ['PROBLEM_SOLVING', 'CONCEPT_EXPLANATION', 'REAL_WORLD_APPLICATION'], 'subject': ['MATH'], 'topic': ['STATISTICS'], 'difficulty': ['HARD'], 'gradeLevel': ['GRADE_12']}"
Analyze the theme of power in 'Brave New World' and answer a related comprehension question.,"{'intent': ['CONCEPT_EXPLANATION', 'COMPREHENSION', 'THEORY_REVIEW'], 'subject': ['ENGLISH'], 'topic': ['LITERATURE', 'COMPREHENSION'], 'difficulty': ['HARD'], 'gradeLevel': ['GRADE_12']}"
How do grasslands support biodiversity and influence agricultural practices?,"{'intent': ['CONCEPT_EXPLANATION', 'REAL_WORLD_APPLICATION', 'THEORY_REVIEW'], 'subject': ['GEOGRAPHY', 'BIOLOGY'], 'topic': ['ENVIRONMENTAL_STUDIES', 'RESOURCES'], 'difficulty': ['MEDIUM'], 'gradeLevel': ['GRADE_10']}"
"What is the role of electroplating in chemistry, and how is it applied in manufacturing?","{'intent': ['CONCEPT_EXPLANATION', 'REAL_WORLD_APPLICATION', 'EXAM_PREPARATION'], 'subject': ['CHEMISTRY', 'PHYSICS'], 'topic': ['CHEMICAL_REACTIONS', 'ELECTRICITY'], 'difficulty': ['HARD'], 'gradeLevel': ['GRADE_11']}"
"Solve for the derivative of f(x) = x / (x + 1), and discuss its applications in rate of change analysis.","{'intent': ['PROBLEM_SOLVING', 'CONCEPT_EXPLANATION', 'REAL_WORLD_APPLICATION'], 'subject': ['MATH'], 'topic': ['CALCULUS'], 'difficulty': ['HARD'], 'gradeLevel': ['GRADE_12']}"
How did the Abolitionist Movement influence social reform and legal changes in the 19th century?,"{'intent': ['THEORY_REVIEW', 'REAL_WORLD_APPLICATION', 'CONCEPT_EXPLANATION'], 'subject': ['HISTORY'], 'topic': ['FREEDOM_MOVEMENTS', 'MODERN_HISTORY'], 'difficulty': ['MEDIUM'], 'gradeLevel': ['GRADE_10']}"
"What are the ecological impacts of mining activities, and how can they be studied experimentally?","{'intent': ['CONCEPT_EXPLANATION', 'REAL_WORLD_APPLICATION', 'EXAM_PREPARATION'], 'subject': ['GEOGRAPHY', 'BIOLOGY'], 'topic': ['ENVIRONMENTAL_STUDIES', 'NOT_FOUND'], 'difficulty': ['HARD'], 'gradeLevel': ['GRADE_11']}"
"Write a program to implement a stack using arrays, and explain its use in function call management.","{'intent': ['PROBLEM_SOLVING', 'CONCEPT_EXPLANATION', 'REAL_WORLD_APPLICATION'], 'subject': ['COMPUTER_SCIENCE'], 'topic': ['DATA_STRUCTURES', 'ALGORITHMS'], 'difficulty': ['HARD'], 'gradeLevel': ['GRADE_12']}"
"What is the principle of thermal conductivity, and how is it applied in building insulation?","{'intent': ['CONCEPT_EXPLANATION', 'REAL_WORLD_APPLICATION', 'THEORY_REVIEW'], 'subject': ['PHYSICS'], 'topic': ['THERMODYNAMICS', 'NOT_FOUND'], 'difficulty': ['MEDIUM'], 'gradeLevel': ['GRADE_10']}"
Which of the following are functions of lysosomes? A) Digestion of waste B) Energy production C) Protein synthesis D) Cellular cleanup,"{'intent': ['MCQ_PRACTICE', 'CONCEPT_EXPLANATION', 'EXAM_PREPARATION'], 'subject': ['BIOLOGY'], 'topic': ['CELL_STRUCTURE', 'NOT_FOUND'], 'difficulty': ['EASY'], 'gradeLevel': ['GRADE_7']}"
"What are the rules for using dashes in writing, and analyze their use in a given text?","{'intent': ['CONCEPT_EXPLANATION', 'COMPREHENSION', 'EXAM_PREPARATION'], 'subject': ['ENGLISH'], 'topic': ['GRAMMAR', 'COMPREHENSION'], 'difficulty': ['MEDIUM'], 'gradeLevel': ['GRADE_9']}"
"Calculate the area of a circle with radius 8cm, and explain its use in agricultural planning.","{'intent': ['PROBLEM_SOLVING', 'REAL_WORLD_APPLICATION', 'CONCEPT_EXPLANATION'], 'subject': ['MATH', 'GEOGRAPHY'], 'topic': ['GEOMETRY', 'RESOURCES'], 'difficulty': ['EASY'], 'gradeLevel': ['GRADE_8']}"
"What are the causes and effects of glacial retreat, and how can they be mitigated through climate policies?","{'intent': ['CONCEPT_EXPLANATION', 'REAL_WORLD_APPLICATION', 'THEORY_REVIEW'], 'subject': ['GEOGRAPHY', 'PHYSICS'], 'topic': ['ENVIRONMENTAL_STUDIES', 'NOT_FOUND'], 'difficulty': ['HARD'], 'gradeLevel': ['GRADE_11']}"
